subfamily	orientation	family	n_copies_with_reads	chr_mean	cyto_mean	chrRNA_neb_mean	log2_retention_rep1	log2_retention_rep2	log2_retention	reps_agree
L1PBa	sense	L1	11	84.4577	0.0000	137.6746	6.5504	6.2703	6.4104	yes
L1P2	sense	L1	14	76.3237	0.0000	41.2669	6.2496	6.2957	6.2727	yes
L1PA14	sense	L1	16	59.9532	0.0000	44.5627	5.8690	5.9878	5.9284	yes
L1ME3C	sense	L1	16	45.1887	0.0000	10.9094	5.6396	5.4103	5.5249	yes
L1PA8	sense	L1	18	223.6294	13.5162	168.6493	7.7172	3.0908	5.4040	yes
L1P3	sense	L1	13	27.4454	0.0000	0.5010	5.0095	4.6253	4.8174	yes
L1MA4A	antisense	L1	21	246.5890	38.4016	437.9117	1.7163	7.9040	4.8102	yes
L1M6	sense	L1	16	26.9622	0.0000	11.1278	4.7432	4.8650	4.8041	yes
L1PA5	sense	L1	58	160.3837	42.2418	35.5045	0.9778	7.2706	4.1242	yes
L1PA7	sense	L1	54	930.3422	95.5355	243.2796	5.8651	2.3630	4.1141	yes
L1PB	sense	L1	7	42.4281	3.8402	30.6672	2.2955	5.4673	3.8814	yes
L1MA1	sense	L1	9	12.5804	0.0000	0.9492	3.5114	3.9779	3.7447	yes
L1MA4A	sense	L1	12	11.6133	0.0000	4.0281	3.3922	3.8805	3.6363	yes
L1PA17	sense	L1	15	45.8363	7.6803	24.5430	1.5127	5.5542	3.5335	yes
L1MB1	sense	L1	27	45.0717	7.6803	7.0669	1.6204	5.3868	3.5036	yes
L1M6B	sense	L1	6	10.2872	0.0000	0.4482	3.6215	3.3598	3.4907	yes
L1PB3	sense	L1	9	25.8156	3.8402	4.1465	1.6496	4.7223	3.1859	yes
L1PA8A	sense	L1	7	7.3858	0.0000	0.2241	3.2622	2.8435	3.0528	yes
L1MA2	sense	L1	21	32.0081	7.6803	40.1392	1.0752	4.9793	3.0272	yes
L1MA6	sense	L1	48	32.1402	7.6803	7.4687	1.3344	4.6452	2.9898	yes
L1MCc	sense	L1	8	6.8165	0.0000	0.1120	3.1925	2.6985	2.9455	yes
L1PA15-16	sense	L1	9	6.2004	0.0000	18.8263	2.7825	2.9109	2.8467	yes
L1PB3	antisense	L1	16	1289.9401	185.7037	1649.5818	2.6021	3.0310	2.8166	yes
L1P4a	antisense	L1	4	77.2751	10.5983	132.7395	3.1988	2.4043	2.8016	yes
L1PBa1	sense	L1	10	6.0210	0.0000	4.4234	3.0422	2.5372	2.7897	yes
L1MD	sense	L1	39	240.8014	48.2289	27.4427	3.9761	1.4618	2.7189	yes
L1M8	sense	L1	3	5.6390	0.0000	81.9791	2.3423	3.0369	2.6896	yes
L1PB2	sense	L1	7	5.3425	0.0000	0.0000	2.7825	2.5372	2.6598	yes
L1PA14	antisense	L1	20	224.8444	35.6349	577.0165	2.9048	2.3656	2.6352	yes
L1M3f	sense	L1	6	22.9458	6.7581	7.6664	4.2550	0.9883	2.6217	yes
L1MEb	sense	L1	5	5.3346	0.0000	3.6191	3.0422	2.1479	2.5950	yes
L1MC2	sense	L1	18	23.6315	7.6803	1.8984	0.8280	4.3376	2.5828	yes
L1MD1	sense	L1	28	28.0226	11.5205	4.2586	0.3809	4.7409	2.5609	yes
L1MEg2	sense	L1	6	5.0696	0.0000	0.9228	2.2075	2.9109	2.5592	yes
SVA_B	sense	SVA	7	5.4753	0.0000	1.4830	1.8930	3.2074	2.5502	yes
L1P5	antisense	L1	6	16.0898	3.8402	11.5032	1.0309	4.0395	2.5352	yes
L1MEj	antisense	L1	10	25.4960	11.5205	234.1274	-0.0536	4.8986	2.4225	NO
L1M3	sense	L1	27	20.7459	7.6803	5.6952	0.5296	4.3129	2.4212	yes
L1HS	sense	L1	24	388.4911	76.9545	108.9152	1.8563	2.9099	2.3831	yes
L1M3e	sense	L1	3	4.3287	0.0000	2.4651	2.0588	2.6985	2.3786	yes
AluYh9	antisense	Alu	1	4.6482	0.0000	31.6292	3.0422	1.6131	2.3276	yes
L1PA13	sense	L1	28	132.9081	44.3887	304.8137	3.8210	0.8220	2.3215	yes
L1PA6	antisense	L1	43	661.0789	146.2286	1595.9363	1.9235	2.5089	2.2162	yes
L1PA8A	antisense	L1	14	129.9371	33.6392	221.7834	1.0357	3.3654	2.2006	yes
L1PA4	sense	L1	74	360.5131	153.4404	89.5898	3.9302	0.3239	2.1271	yes
L1ME3C	antisense	L1	29	180.2874	42.3930	232.7157	2.5692	1.6625	2.1158	yes
L1M3c	sense	L1	11	79.4585	18.2786	14.5421	1.8695	2.3316	2.1006	yes
AluYk3	antisense	Alu	10	15.5047	7.6803	43.2188	0.2896	3.7017	1.9957	yes
AluYe6	antisense	Alu	2	2.9559	0.0000	0.7251	2.0588	1.9052	1.9820	yes
L1ME3G	sense	L1	104	143.8422	52.8400	35.3796	0.5955	3.3588	1.9771	yes
L1PA11	sense	L1	20	59.5712	14.4384	47.4359	1.7565	2.1818	1.9692	yes
L1PA16	sense	L1	72	115.7335	28.8768	165.2044	1.8636	2.0740	1.9688	yes
L1MC1	sense	L1	45	184.8739	47.1554	100.8598	1.7676	2.1569	1.9623	yes
L1MA7	sense	L1	16	10.5679	3.8402	2.9333	0.6061	3.3108	1.9584	yes
L1MA5A	sense	L1	8	34.0751	40.5486	0.8636	5.0494	-1.1484	1.9505	NO
L1P1	sense	L1	18	14.5613	7.6803	6.9278	-0.1231	4.0090	1.9429	NO
L1MA5A	antisense	L1	21	98.9809	44.3887	248.6802	3.4465	0.3595	1.9030	yes
L1PA2	sense	L1	157	2849.6292	781.5190	513.3183	1.6517	2.0894	1.8706	yes
L1PA15-16	antisense	L1	9	34.8233	10.5983	147.7654	2.2801	1.0223	1.6512	yes
L1MC2	antisense	L1	45	405.0443	133.7859	532.0286	1.6139	1.5630	1.5885	yes
L1ME3F	sense	L1	29	42.2019	103.6844	32.3593	-2.3051	5.4673	1.5811	NO
L1MEj	sense	L1	5	2.0513	0.0000	0.2769	1.2369	1.9052	1.5711	yes
L1ME3D	sense	L1	29	62.3785	21.1965	17.3041	1.9752	1.1552	1.5652	yes
L1MEa	sense	L1	4	2.0979	0.0000	1.2525	2.0588	1.0212	1.5400	yes
L1MA9	sense	L1	47	112.9183	40.3973	67.5940	0.9764	2.0989	1.5377	yes
L1MEi	antisense	L1	22	213.0602	75.1100	154.0573	1.6371	1.3550	1.4961	yes
SVA_E	sense	SVA	4	1.9967	0.0000	4.6011	0.9295	2.0316	1.4806	yes
AluYk11	antisense	Alu	6	9.7099	6.7581	11.3384	3.7239	-0.8227	1.4506	NO
SVA_C	sense	SVA	4	2.2853	0.0000	0.5010	0.5384	2.3557	1.4470	yes
L1P4	sense	L1	12	53.7133	22.1187	30.1519	0.9038	1.7865	1.3451	yes
L1M6B	antisense	L1	7	202.5317	83.7126	369.5968	0.9815	1.6003	1.2909	yes
L1PB4	sense	L1	31	26.3691	10.5983	11.5368	1.8083	0.7455	1.2769	yes
L1PA3	sense	L1	128	1161.8362	520.5540	247.7438	0.8570	1.5110	1.1840	yes
AluYk12	antisense	Alu	1	1.5286	0.0000	0.0000	1.8930	0.4257	1.1593	yes
L1P2	antisense	L1	16	259.0602	117.5030	714.2814	1.3947	0.9050	1.1498	yes
L1PBb	antisense	L1	4	10.2563	11.5205	16.1308	-1.6267	3.8805	1.1269	NO
L1MA2	antisense	L1	44	213.1305	106.7535	375.0472	0.5550	1.6309	1.0930	yes
AluYe6	sense	Alu	1	1.1387	0.0000	0.2769	0.9295	1.2466	1.0880	yes
L1ME3	sense	L1	68	144.7311	69.2742	117.3017	0.7652	1.4084	1.0868	yes
L1ME1	sense	L1	155	529.1300	248.3710	159.1173	1.1976	0.9644	1.0810	yes
L1MC4	sense	L1	182	613.6502	293.5307	198.7227	1.0278	1.1033	1.0656	yes
L1MC4a	sense	L1	57	75.9569	52.8400	26.6184	-0.2169	2.3451	1.0641	NO
L1PA16	antisense	L1	103	1264.8102	609.6339	2141.7783	1.3379	0.7850	1.0614	yes
L1M4c	sense	L1	16	15.4193	30.7213	13.1190	-2.0554	4.1551	1.0498	NO
L1ME3A	sense	L1	72	82.1968	45.3110	45.7888	1.7210	0.3455	1.0333	yes
L1P4b	sense	L1	1	0.9671	0.0000	1.1733	0.9295	1.0212	0.9754	yes
L1MCa	sense	L1	26	86.1967	43.3153	76.0855	1.0811	0.8480	0.9645	yes
L1ME3B	sense	L1	62	166.5605	91.5441	35.5060	1.5138	0.3545	0.9342	yes
AluYk11	sense	Alu	2	1.1308	0.0000	0.0000	1.7056	0.0000	0.8528	NO
L1PA12	antisense	L1	10	45.5391	29.7991	244.2518	0.3119	1.2545	0.7832	yes
L1PA13	antisense	L1	39	265.4875	154.0602	673.3314	0.8319	0.7340	0.7830	yes
L1P3	antisense	L1	23	473.4702	280.1658	523.1388	0.7797	0.7303	0.7550	yes
AluYh3a3	sense	Alu	3	6.5200	7.6803	18.7871	-0.5791	2.0316	0.7263	NO
L1PA15	sense	L1	26	112.5205	69.2742	5.2278	0.3279	1.1208	0.7243	yes
L1MA4	antisense	L1	65	426.9053	259.8915	1047.8112	0.7825	0.6317	0.7071	yes
L1ME3F	antisense	L1	44	607.4920	373.5544	874.1171	0.7529	0.6466	0.6998	yes
L1MA3	antisense	L1	79	906.7567	587.6664	1303.6060	1.0700	0.2649	0.6675	yes
L1MA7	antisense	L1	50	369.2855	252.5137	424.9724	1.3794	-0.0588	0.6603	NO
L1MA3	sense	L1	36	55.6639	35.6349	145.2319	0.6124	0.6419	0.6272	yes
L1P4	antisense	L1	22	345.5297	223.3343	564.5512	0.6615	0.5900	0.6258	yes
SVA_B	antisense	SVA	9	85.7766	57.7537	171.4248	0.4162	0.7125	0.5643	yes
L1MDa	sense	L1	40	37.4755	29.7991	3.2630	-0.2887	1.4037	0.5575	NO
L1P4b	antisense	L1	1	141.0816	98.1510	131.8365	0.2005	0.8756	0.5381	yes
L1P4a	sense	L1	4	3.2445	3.8402	0.0000	-1.2248	2.2555	0.5154	NO
L1M8	antisense	L1	6	30.2685	21.1965	53.1741	1.2362	-0.2244	0.5059	NO
L1MCa	antisense	L1	47	733.1042	527.6146	747.6629	0.6146	0.3256	0.4701	yes
L1M3b	sense	L1	3	0.4523	0.0000	0.2241	0.9295	0.0000	0.4648	NO
L1PBb	sense	L1	2	0.4523	0.0000	0.2769	0.9295	0.0000	0.4648	NO
L1HS	antisense	L1	24	352.7137	256.0513	606.2584	0.4166	0.5075	0.4621	yes
L1PA5	antisense	L1	76	1179.5834	873.5168	2532.4416	0.6620	0.2277	0.4448	yes
L1MEb	antisense	L1	19	62.6592	83.5613	159.2066	-1.2450	2.0967	0.4258	NO
L1MD3	sense	L1	26	37.5452	33.6392	17.1456	-0.2443	1.0880	0.4218	NO
L1M6	antisense	L1	32	168.1213	133.9372	150.1970	0.8303	-0.0340	0.3981	NO
L1PB	antisense	L1	10	167.8945	131.0192	89.0004	0.7964	-0.0049	0.3958	NO
L1MA5	antisense	L1	26	119.3284	92.4664	181.6022	0.7040	0.0619	0.3830	yes
L1M2a	sense	L1	2	6.3096	15.3606	0.0000	-2.0267	2.7728	0.3730	NO
L1M	antisense	L1	3	2.9638	3.8402	3.7904	-1.6275	2.3557	0.3641	NO
L1ME3	antisense	L1	125	914.3351	730.6746	842.8780	0.3960	0.2431	0.3196	yes
L1P	sense	L1	1	0.2262	0.0000	0.0000	0.5384	0.0000	0.2692	NO
L1PB4	antisense	L1	48	311.0029	279.8633	363.5675	-0.2531	0.7681	0.2575	NO
AluYh7	antisense	Alu	1	0.1716	0.0000	0.0000	0.0000	0.4257	0.2128	NO
L1M	sense	L1	2	0.1716	0.0000	0.1385	0.0000	0.4257	0.2128	NO
L1M2c	antisense	L1	1	0.1716	0.0000	2.6827	0.0000	0.4257	0.2128	NO
L1M3de	antisense	L1	2	0.1716	0.0000	4.2650	0.0000	0.4257	0.2128	NO
L1P5	sense	L1	1	0.1716	0.0000	0.0000	0.0000	0.4257	0.2128	NO
L1MEi	sense	L1	12	64.5626	56.8314	15.0895	0.4091	0.0006	0.2048	yes
L1MC5	sense	L1	92	157.2490	144.5354	22.4862	0.6350	-0.2506	0.1922	NO
L1PA6	sense	L1	35	142.3682	139.7730	74.7602	0.8321	-0.4589	0.1866	NO
L1M3c	antisense	L1	16	22.7893	21.1965	78.6976	0.6865	-0.3997	0.1434	NO
L1PREC2	antisense	L1	47	495.6348	455.5737	730.1233	0.4078	-0.1304	0.1387	NO
L1ME3G	antisense	L1	197	2304.7887	2124.4282	3396.2911	0.3239	-0.0736	0.1251	NO
L1PA3	antisense	L1	140	3488.5580	3236.0498	3768.1775	0.0588	0.1637	0.1112	yes
L1M5	sense	L1	213	867.2338	803.6377	178.9979	0.1013	0.1202	0.1107	yes
L1MC1	antisense	L1	87	1127.4577	1050.6180	853.7517	0.3294	-0.1187	0.1053	NO
L1PA11	antisense	L1	34	502.5289	496.2735	1669.1608	0.6651	-0.4612	0.1019	NO
L1M3	antisense	L1	57	610.0100	570.9298	683.2184	0.1938	-0.0064	0.0937	NO
L1MA1	antisense	L1	25	334.5706	319.7921	463.0421	0.5047	-0.3427	0.0810	NO
L1M4	antisense	L1	156	1175.9109	1142.3134	2076.8084	0.3047	-0.1840	0.0603	NO
AluYi6	antisense	Alu	6	249.6698	240.6907	136.2865	0.1043	0.0002	0.0522	yes
L1ME4c	sense	L1	41	63.0103	63.5895	21.1673	0.4400	-0.3559	0.0420	NO
L1MDa	antisense	L1	79	602.6571	591.3553	845.4645	0.2606	-0.1766	0.0420	NO
AluYh7	sense	NA	0	0.0000	0.0000	0.0000	0.0000	0.0000	0.0000	yes
AluYh9	sense	NA	0	0.0000	0.0000	0.0000	0.0000	0.0000	0.0000	yes
AluYk12	sense	NA	0	0.0000	0.0000	0.0000	0.0000	0.0000	0.0000	yes
L1M2a1	sense	NA	0	0.0000	0.0000	0.0000	0.0000	0.0000	0.0000	yes
L1M2b	antisense	NA	0	0.0000	0.0000	0.0000	0.0000	0.0000	0.0000	yes
L1M2b	sense	NA	0	0.0000	0.0000	0.0000	0.0000	0.0000	0.0000	yes
L1M2c	sense	NA	0	0.0000	0.0000	0.0000	0.0000	0.0000	0.0000	yes
L1M3b	antisense	L1	2	0.0000	0.0000	0.6131	0.0000	0.0000	0.0000	yes
L1P	antisense	NA	0	0.0000	0.0000	0.0000	0.0000	0.0000	0.0000	yes
L1P4c	antisense	NA	0	0.0000	0.0000	0.0000	0.0000	0.0000	0.0000	yes
L1P4c	sense	NA	0	0.0000	0.0000	0.0000	0.0000	0.0000	0.0000	yes
L1P4e	antisense	NA	0	0.0000	0.0000	0.0000	0.0000	0.0000	0.0000	yes
L1P4e	sense	NA	0	0.0000	0.0000	0.0000	0.0000	0.0000	0.0000	yes
L1MEg	sense	L1	52	43.1303	43.3153	8.2595	-0.2388	0.2190	-0.0099	NO
L1ME2	sense	L1	61	111.2654	112.5894	73.7925	-0.4413	0.4168	-0.0123	NO
L1M1	sense	L1	57	74.8024	117.2006	45.3384	-1.3460	1.3128	-0.0166	NO
L1MEc	sense	L1	80	123.6643	131.7902	39.2813	-0.2953	0.2130	-0.0412	NO
L1PA7	antisense	L1	79	673.4050	694.1175	1486.8020	-0.0660	-0.0214	-0.0437	yes
L1PA4	antisense	L1	85	1841.1671	1909.3939	2675.9291	0.1018	-0.2063	-0.0523	NO
L1PREC2	sense	L1	28	30.2613	64.6630	27.1058	1.7867	-1.9127	-0.0630	NO
L1MB4	sense	L1	55	57.9867	60.6716	32.8018	0.3951	-0.5775	-0.0912	NO
L1MC4	antisense	L1	312	3330.1926	3593.6090	3704.7464	0.0535	-0.2691	-0.1078	NO
AluYc	antisense	Alu	38	120.6545	138.5483	137.8952	-0.4440	0.1173	-0.1634	NO
L1MA6	antisense	L1	76	1232.2842	1424.9434	2020.8524	-0.1655	-0.2525	-0.2090	yes
L1M2a	antisense	L1	5	49.5720	69.4254	103.5788	0.7533	-1.1948	-0.2207	NO
L1ME5	sense	L1	18	17.1194	22.1187	6.5195	-0.8388	0.3501	-0.2443	NO
L1ME3Cz	sense	L1	66	69.2883	83.7126	18.6158	-0.4064	-0.0887	-0.2476	yes
L1PA12	sense	L1	9	11.7770	17.3563	15.0303	0.4498	-1.0331	-0.2917	NO
L1M4	sense	L1	89	96.0717	155.2849	69.1170	0.7683	-1.3538	-0.2928	NO
L1MB7	sense	L1	142	393.0353	490.7549	140.1589	-0.4933	-0.1042	-0.2988	yes
AluYg6	antisense	Alu	5	1.4194	3.8402	1.9184	-1.6275	1.0212	-0.3032	NO
L1ME2z	sense	L1	42	52.4036	82.9416	19.6107	0.6124	-1.2234	-0.3055	NO
L1MC5	antisense	L1	213	1960.1695	2449.1487	2144.7183	-0.2731	-0.3715	-0.3223	yes
L1MEc	antisense	L1	131	775.8992	978.7432	1782.4306	-0.4207	-0.2301	-0.3254	yes
L1MC4a	antisense	L1	118	935.1239	1172.7322	1180.4293	-0.2538	-0.3971	-0.3254	yes
L1PA2	antisense	L1	161	3593.3481	4519.5122	2933.3937	-0.2245	-0.4374	-0.3310	yes
L1MD3	antisense	L1	56	285.2584	361.1117	490.6867	-0.2190	-0.4488	-0.3339	yes
L1MA10	antisense	L1	32	504.0811	652.0269	297.8718	-0.1004	-0.6143	-0.3574	yes
L1MDb	sense	L1	8	2.2229	7.6803	0.7779	-2.7952	2.0316	-0.3818	NO
L1PA17	antisense	L1	32	188.5635	251.1377	320.5493	-0.7277	-0.0438	-0.3858	yes
L1MA8	antisense	L1	85	1045.0132	1389.6109	1415.4405	-0.1965	-0.6139	-0.4052	yes
L1MEg	antisense	L1	87	939.0888	1243.0798	666.5830	-0.2008	-0.6146	-0.4077	yes
L1PB1	antisense	L1	100	862.3182	1150.7647	1959.2241	-0.2690	-0.5504	-0.4097	yes
L1MB3	sense	L1	110	181.5675	282.4640	79.1172	0.2497	-1.1410	-0.4457	NO
SVA_D	antisense	SVA	16	222.2028	323.7835	305.8257	-0.1112	-0.8152	-0.4632	yes
L1MB5	sense	L1	51	52.5831	85.5570	23.0457	-1.4808	0.5309	-0.4750	NO
L1M7	sense	L1	17	32.0081	51.9178	16.3285	-1.1744	0.1703	-0.5021	NO
L1PBa1	antisense	L1	15	10.0143	17.3563	67.4314	0.2109	-1.2262	-0.5077	NO
L1MA5	sense	L1	11	12.1202	18.2786	10.1979	-1.0199	-0.0132	-0.5165	yes
L1M4b	sense	L1	16	24.7630	36.5572	7.5544	-1.1406	0.1061	-0.5173	NO
Alu	sense	Alu	25	20.0208	37.4794	4.4955	-1.6104	0.5728	-0.5188	NO
L1MB4	antisense	L1	110	979.5151	1422.7964	1326.7698	-0.5174	-0.5605	-0.5390	yes
L1MB7	antisense	L1	282	4110.1202	6039.6886	5842.5569	-0.5898	-0.5232	-0.5565	yes
L1MB8	antisense	L1	157	1021.4856	1509.8806	1344.2826	-0.4447	-0.6740	-0.5593	yes
L1MB1	antisense	L1	44	866.2056	1288.6932	805.5386	-0.2205	-0.8995	-0.5600	yes
L1M2	antisense	L1	59	386.3524	589.2084	601.7471	-0.5893	-0.6258	-0.6075	yes
L1MEd	sense	L1	80	115.9754	189.8464	36.8427	-0.1304	-1.0940	-0.6122	yes
L1MA4	sense	L1	27	40.0409	61.5938	7.0470	-0.4923	-0.7727	-0.6325	yes
AluYe5	sense	Alu	6	3.9776	30.7213	0.5274	-3.4989	2.1479	-0.6755	NO
L1PA10	sense	L1	28	15.6763	29.7991	5.5111	-1.2353	-0.1203	-0.6778	yes
L1ME3A	antisense	L1	137	1274.7102	2051.9336	1763.7111	-0.5561	-0.8126	-0.6843	yes
L1ME3B	antisense	L1	95	1046.3228	1698.3510	818.8672	-0.5948	-0.8056	-0.7002	yes
L1MA9	antisense	L1	101	707.6819	1171.5075	1082.3210	-0.7730	-0.6773	-0.7252	yes
SVA_D	sense	SVA	12	33.3342	59.7494	7.6928	-0.2706	-1.1891	-0.7299	yes
L1MEa	antisense	L1	3	1.7705	7.6803	1.3317	-3.4938	2.0316	-0.7311	NO
L1ME4a	sense	L1	163	240.5996	409.0381	50.0345	-0.9022	-0.6073	-0.7548	yes
L1MCb	sense	L1	9	11.5350	22.1187	8.2402	-1.1680	-0.4064	-0.7872	yes
L1ME4a	antisense	L1	414	4686.0532	8238.3045	4121.8526	-0.7146	-0.9100	-0.8123	yes
L1ME2	antisense	L1	112	879.5519	1600.1853	1082.0018	-0.3948	-1.2473	-0.8210	yes
L1MC5a	antisense	L1	214	1822.5336	3265.6829	1904.1058	-0.7407	-0.9468	-0.8437	yes
L1MB2	antisense	L1	121	3407.6215	6157.1768	3977.1921	-0.6523	-1.0480	-0.8501	yes
L1MD2	sense	L1	60	192.4694	457.4330	65.5493	-1.8562	0.1315	-0.8623	NO
L1ME1	antisense	L1	298	2212.9582	4097.5481	3147.6685	-0.5385	-1.1933	-0.8659	yes
L1ME3E	sense	L1	21	17.1273	32.7170	3.0917	-1.2664	-0.4961	-0.8812	yes
L1M3de	sense	L1	3	0.5694	3.8402	0.2241	-2.5794	0.7539	-0.9127	NO
L1MA8	sense	L1	44	42.3577	84.7860	9.4200	-0.4766	-1.3831	-0.9298	yes
L1ME4c	antisense	L1	105	679.0361	1346.6129	520.2605	-1.0923	-0.8748	-0.9836	yes
L1PB2	antisense	L1	13	71.6519	158.0516	179.5681	-0.4677	-1.5857	-1.0267	yes
SVA_F	antisense	SVA	10	45.0336	103.8356	124.6797	-2.0558	-0.0048	-1.0303	yes
L1MC5a	sense	L1	114	130.7773	271.5632	87.2405	-0.7687	-1.3295	-1.0491	yes
L1MD2	antisense	L1	114	794.8721	1680.0725	1023.0341	-1.0932	-1.0651	-1.0791	yes
L1PA10	antisense	L1	45	321.2894	707.1652	851.9817	-0.6038	-1.5725	-1.0882	yes
L1MB8	sense	L1	88	107.2556	230.0924	73.5605	-1.1028	-1.0853	-1.0940	yes
L1MCc	antisense	L1	16	44.5806	98.1510	98.3775	-1.3297	-0.8697	-1.0997	yes
L1ME3E	antisense	L1	46	224.5952	488.1395	300.9450	-1.0452	-1.1879	-1.1165	yes
L1MC3	sense	L1	93	178.7050	394.7509	161.8514	-1.1364	-1.1414	-1.1389	yes
AluSg4	antisense	Alu	78	349.6573	781.9727	638.3485	-1.0215	-1.2803	-1.1509	yes
L1MD1	antisense	L1	43	743.8444	1657.0315	1098.5301	-1.0138	-1.2990	-1.1564	yes
L1MC3	antisense	L1	127	1650.7871	3678.4098	2488.9792	-1.1031	-1.2119	-1.1575	yes
L1M4a1	antisense	L1	19	396.9412	893.4886	700.8820	-0.9929	-1.3566	-1.1748	yes
AluYh3	sense	Alu	18	14.1247	32.7170	4.5219	-1.7888	-0.5728	-1.1808	yes
L1PA15	antisense	L1	46	424.2860	1005.4583	689.0641	-0.9441	-1.5246	-1.2343	yes
L1M1	antisense	L1	88	695.8260	1665.4828	1275.0984	-1.2291	-1.2880	-1.2585	yes
L1M2	sense	L1	34	31.4309	80.9459	6.4339	-0.6304	-1.8880	-1.2592	yes
L1MEg2	antisense	L1	10	47.8093	135.9329	115.6438	-0.4408	-2.1484	-1.2946	yes
L1M3a	sense	L1	14	9.6166	25.0367	1.4966	-1.3253	-1.2681	-1.2967	yes
L1ME3D	antisense	L1	50	382.8659	949.0953	331.3809	-1.3754	-1.2345	-1.3050	yes
L1P1	antisense	L1	21	97.1702	258.1983	261.3211	-0.7992	-1.9294	-1.3643	yes
AluYh3	antisense	Alu	28	90.0579	235.7771	123.8297	-1.5116	-1.2197	-1.3656	yes
L1ME3Cz	antisense	L1	148	876.0043	2265.1382	837.4933	-1.3643	-1.3752	-1.3697	yes
L1MEf	sense	L1	55	110.8045	299.2153	88.9454	-1.7846	-0.9885	-1.3865	yes
L1MD	antisense	L1	75	595.2706	1613.7162	628.8757	-1.3480	-1.5250	-1.4365	yes
L1M3a	antisense	L1	22	301.0675	820.9941	502.1514	-1.5822	-1.2934	-1.4378	yes
L1ME2z	antisense	L1	93	657.9778	1821.2362	652.8466	-1.5444	-1.3868	-1.4656	yes
L1PBa	antisense	L1	17	118.3390	328.2434	188.6620	-1.6557	-1.2773	-1.4665	yes
AluJr4	sense	Alu	140	122.7136	350.2109	32.8546	-1.7868	-1.1474	-1.4671	yes
L1ME4b	sense	L1	145	194.9053	542.2042	52.8150	-1.4647	-1.4765	-1.4706	yes
L1M5	antisense	L1	519	3535.9504	9947.2686	3496.8837	-1.4034	-1.5841	-1.4938	yes
AluYg6	sense	Alu	5	2.1137	27.0324	1.5294	0.5384	-3.5275	-1.4946	NO
L1ME5	antisense	L1	37	272.8167	796.4111	514.9299	-1.2558	-1.8259	-1.5408	yes
L1M3f	antisense	L1	7	56.9348	173.4122	66.1460	-1.2276	-1.8640	-1.5458	yes
L1MEg1	sense	L1	5	61.7546	198.1464	19.9940	-2.0473	-1.1329	-1.5901	yes
L1MEf	antisense	L1	107	763.2203	2324.4191	904.1691	-1.4996	-1.7066	-1.6031	yes
L1M3e	antisense	L1	4	33.6616	106.9048	37.8511	-1.3970	-1.8532	-1.6251	yes
L1MC	sense	L1	29	37.4676	119.3475	10.8181	-1.7213	-1.5591	-1.6402	yes
L1MEd	antisense	L1	133	892.6917	2778.7681	1206.7996	-1.4649	-1.8163	-1.6406	yes
AluYh3a3	antisense	Alu	7	17.0024	71.1186	36.3081	-2.6756	-0.6539	-1.6647	yes
SVA_C	antisense	SVA	5	11.6757	40.3973	39.9800	-2.5129	-0.8311	-1.6720	yes
L1ME4b	antisense	L1	329	3745.5311	12031.7532	3595.9892	-1.6315	-1.7327	-1.6821	yes
AluJr4	antisense	Alu	284	1200.3444	3944.7274	2679.8604	-1.4857	-1.9244	-1.7050	yes
L1MA10	sense	L1	17	14.9748	55.9092	5.2470	-1.3138	-2.0970	-1.7054	yes
SVA_E	antisense	SVA	6	8.3142	28.8768	25.5971	-2.1131	-1.3113	-1.7122	yes
AluY	antisense	Alu	995	6276.4572	20580.6571	6485.3906	-1.7161	-1.7102	-1.7132	yes
AluSz6	antisense	Alu	581	2817.9317	9423.1917	5757.4119	-1.7504	-1.7321	-1.7412	yes
L1PB1	sense	L1	61	118.1588	398.5910	33.0844	-1.6946	-1.7967	-1.7457	yes
SVA_A	sense	SVA	7	9.9052	35.6349	3.0325	-1.7949	-1.7136	-1.7542	yes
AluSq4	antisense	Alu	26	153.0847	526.5411	278.6593	-1.9354	-1.6173	-1.7763	yes
AluJr	sense	Alu	600	897.7877	3176.1492	358.8264	-1.9140	-1.7168	-1.8154	yes
AluYb9	antisense	Alu	5	7.5574	34.7127	9.5520	-0.7700	-2.8722	-1.8211	yes
L1MB3	antisense	L1	196	1468.4728	5230.2150	2363.6504	-1.6969	-1.9676	-1.8322	yes
L1MEh	antisense	L1	28	170.8813	611.3271	302.4708	-1.7510	-1.9206	-1.8358	yes
AluJo	antisense	Alu	1071	5970.9685	21340.0722	10262.5359	-1.8188	-1.8561	-1.8374	yes
AluJr	antisense	Alu	1137	5660.2134	20469.0048	11480.2512	-1.8258	-1.8831	-1.8545	yes
AluJb	sense	Alu	907	773.1268	2818.5605	371.5614	-1.9441	-1.7835	-1.8638	yes
AluYk2	antisense	Alu	9	29.6919	111.6672	36.0391	-1.9781	-1.7750	-1.8765	yes
AluSq2	antisense	Alu	746	3240.8470	12442.7722	6391.0275	-1.8459	-2.0287	-1.9373	yes
AluYe5	antisense	Alu	9	160.8124	620.8519	76.8906	-1.9322	-1.9538	-1.9430	yes
AluYa5	antisense	Alu	27	34.5978	147.4533	59.9940	-1.5526	-2.3691	-1.9609	yes
L1MEh	sense	L1	14	3.8606	18.2786	1.9120	-2.0083	-1.9544	-1.9814	yes
AluSg7	antisense	Alu	97	339.1611	1398.3795	596.9511	-2.3366	-1.7345	-2.0355	yes
AluSq4	sense	Alu	12	16.5034	71.2699	5.6167	-2.0126	-2.0715	-2.0421	yes
L1M4a2	sense	L1	4	2.7843	17.3563	0.0000	-1.0590	-3.0425	-2.0507	yes
AluSx1	antisense	Alu	1242	5418.2296	22571.9192	10407.5045	-2.0471	-2.0693	-2.0582	yes
AluSz6	sense	Alu	294	328.6536	1384.0923	101.8546	-2.1958	-1.9365	-2.0661	yes
Alu	antisense	Alu	58	183.1191	816.7002	379.5997	-2.5226	-1.6544	-2.0885	yes
L1MEg1	antisense	L1	7	43.3091	188.7729	27.5162	-1.7427	-2.4369	-2.0898	yes
L1MCb	antisense	L1	19	75.9418	366.3426	97.6089	-2.8642	-1.3314	-2.0978	yes
AluJb	antisense	Alu	1734	8847.8344	38115.3212	17764.6197	-2.1088	-2.1048	-2.1068	yes
AluSc	antisense	Alu	467	2046.1561	9041.0348	3363.2622	-2.1632	-2.1231	-2.1432	yes
AluSq10	sense	Alu	10	4.7731	27.9546	1.5558	-1.3478	-3.0211	-2.1844	yes
L1M3d	antisense	L1	4	41.5076	199.3711	58.7550	-1.9655	-2.4754	-2.2205	yes
AluSp	antisense	Alu	742	3176.1012	14946.3325	5709.7316	-2.2676	-2.2012	-2.2344	yes
AluSc8	antisense	Alu	287	1474.1048	6982.9628	2233.8806	-2.3493	-2.1373	-2.2433	yes
AluJo	sense	Alu	553	603.0483	2903.6490	397.5411	-2.2908	-2.2412	-2.2660	yes
AluYc	sense	Alu	18	14.6158	89.3972	4.1529	-3.1697	-1.3988	-2.2842	yes
L1M4c	antisense	L1	47	305.5204	1501.1268	302.4231	-2.1893	-2.3929	-2.2911	yes
AluSx	antisense	Alu	1367	5969.8458	29274.8675	11416.4687	-2.2890	-2.2984	-2.2937	yes
AluSx4	antisense	Alu	136	535.6160	2630.0900	903.2508	-2.3561	-2.2323	-2.2942	yes
AluYb8	antisense	Alu	18	19.6539	100.1467	38.9859	-1.9258	-2.7006	-2.3132	yes
AluSx3	antisense	Alu	381	1504.6402	7705.4886	3099.5423	-2.4441	-2.2706	-2.3574	yes
AluSz	antisense	Alu	1252	5555.0144	29203.4464	10045.7139	-2.3789	-2.4090	-2.3940	yes
L1PA8	antisense	L1	36	150.7599	817.6076	406.6350	-2.2729	-2.5731	-2.4230	yes
AluSq10	antisense	Alu	22	45.1815	249.4445	87.3318	-2.3886	-2.4786	-2.4336	yes
L1M7	antisense	L1	30	69.2029	390.1397	143.5625	-2.1158	-2.7743	-2.4450	yes
L1M4a2	antisense	L1	4	7.5029	59.5981	31.2316	-3.3492	-1.8338	-2.5915	yes
AluSg	antisense	Alu	477	2514.6520	15665.4866	4095.8874	-2.6724	-2.6056	-2.6390	yes
AluSq	antisense	Alu	238	899.4834	6053.2048	1895.6128	-2.7396	-2.7583	-2.7489	yes
L1M4a1	sense	L1	12	19.3344	136.7038	2.3666	-2.7675	-2.7516	-2.7595	yes
L1MB5	antisense	L1	92	676.6718	4604.2982	942.4208	-2.6869	-2.8405	-2.7637	yes
L1M3d	sense	L1	4	2.5581	37.6306	0.0000	-1.2248	-4.3332	-2.7790	yes
AluSc8	sense	Alu	163	208.3955	1591.5975	26.5991	-2.7671	-3.0908	-2.9289	yes
AluSz	sense	Alu	698	679.0275	5250.2016	201.6453	-2.9903	-2.9057	-2.9480	yes
L1M4b	antisense	L1	35	533.0551	4230.5926	701.5932	-2.8813	-3.0927	-2.9870	yes
L1MC	antisense	L1	76	245.3648	2003.2362	440.3568	-2.7977	-3.2251	-3.0114	yes
AluSc	sense	Alu	242	159.2457	1306.3668	58.3861	-3.0776	-2.9790	-3.0283	yes
AluSq2	sense	Alu	432	384.7370	3267.3613	98.6502	-2.8946	-3.2622	-3.0784	yes
AluSc5	sense	Alu	44	24.7084	232.8591	10.9301	-3.7307	-2.6402	-3.1854	yes
AluSg4	sense	Alu	40	29.5045	284.7769	5.9136	-3.4593	-2.9154	-3.1873	yes
AluSx1	sense	Alu	745	771.3392	7094.1763	316.0972	-3.2587	-3.1357	-3.1972	yes
SVA_A	antisense	SVA	18	182.1139	1680.9947	216.8096	-3.2938	-3.1130	-3.2034	yes
L1MB2	sense	L1	63	64.8505	610.4049	6.5195	-3.0587	-3.3832	-3.2210	yes
AluSg7	sense	Alu	58	33.2875	327.4724	31.0226	-3.1689	-3.3305	-3.2497	yes
AluYj4	antisense	Alu	19	32.3829	338.2219	53.2168	-2.9941	-3.5669	-3.2805	yes
SVA_F	sense	SVA	10	10.5291	128.8723	16.3228	-4.1442	-2.6575	-3.4009	yes
AluSx3	sense	Alu	214	176.8957	1927.6873	58.1891	-3.6591	-3.1976	-3.4284	yes
AluSp	sense	Alu	455	548.5920	5950.7747	131.4648	-3.4773	-3.3934	-3.4354	yes
AluSg	sense	Alu	297	376.2986	4279.4412	109.9893	-3.4588	-3.5500	-3.5044	yes
AluSx	sense	Alu	771	736.3463	8794.9768	205.3722	-3.6553	-3.4982	-3.5768	yes
AluSx4	sense	Alu	85	65.3265	806.5556	32.5185	-3.6829	-3.5179	-3.6004	yes
AluY	sense	Alu	646	794.5585	10265.5335	299.2300	-3.6951	-3.6846	-3.6898	yes
AluYf1	antisense	Alu	21	56.2168	749.5730	61.5170	-3.8556	-3.5278	-3.6917	yes
AluYd8	antisense	Alu	3	0.1716	17.3563	2.3930	-3.1177	-4.3834	-3.7506	yes
AluYa8	antisense	Alu	4	7.5574	121.1920	11.3847	-4.0802	-3.4484	-3.7643	yes
AluYk4	sense	Alu	8	2.9559	56.8314	0.7251	-3.4983	-4.1946	-3.8465	yes
AluYm1	antisense	Alu	38	151.2215	2212.4494	160.6119	-4.0602	-3.6925	-3.8763	yes
AluYk4	antisense	Alu	9	25.7380	405.6516	48.7292	-3.7701	-4.0191	-3.8946	yes
AluYi6	sense	Alu	4	1.8718	61.7451	0.0000	-2.1392	-5.7487	-3.9440	yes
AluYb9	sense	Alu	3	1.1933	38.5529	0.0000	-3.3505	-4.7619	-4.0562	yes
AluYc3	sense	Alu	5	1.3103	40.3973	0.1385	-4.8456	-3.3676	-4.1066	yes
AluYb8	sense	Alu	14	3.2366	73.1143	0.8636	-4.1994	-4.0165	-4.1080	yes
AluSc5	antisense	Alu	72	234.6957	4087.7504	369.1228	-4.1211	-4.1122	-4.1167	yes
AluSq	sense	Alu	127	101.0939	1825.6961	33.2243	-4.2824	-4.0208	-4.1516	yes
AluYm1	sense	Alu	33	42.4741	783.3634	8.8526	-4.0359	-4.3770	-4.2064	yes
L1M2a1	antisense	L1	1	0.8580	31.7948	1.9248	-4.5874	-3.9353	-4.2613	yes
AluYj4	sense	Alu	6	5.7402	144.3842	0.0000	-4.3981	-4.4691	-4.4336	yes
AluYa8	sense	Alu	1	0.0000	27.9546	0.2769	-4.0322	-5.3767	-4.7044	yes
AluYc3	antisense	Alu	9	40.2052	1083.3350	56.3164	-4.5873	-4.8378	-4.7126	yes
AluYk3	sense	Alu	7	1.7626	92.3151	0.5867	-5.5494	-4.3416	-4.9455	yes
AluYd8	sense	Alu	1	0.2262	40.3973	0.0000	-5.2367	-4.8090	-5.0229	yes
AluYf1	sense	Alu	9	6.5745	232.8591	0.2241	-4.6049	-5.6664	-5.1356	yes
L1MDb	antisense	L1	25	67.5803	3002.7222	80.2698	-5.3364	-5.5808	-5.4586	yes
AluYk2	sense	Alu	7	2.3866	204.2848	0.0000	-5.2285	-6.4707	-5.8496	yes
AluYa5	sense	Alu	21	9.6166	1157.9913	1.0020	-6.9931	-6.5569	-6.7750	yes
