level	name	family	n_copies	n_bins	n_eff	copies_per_bin	top_chrom_frac	gc_mean	speckle_mean	speckle_se	speckle_resid	speckle_resid_se	lamina_mean	lamina_se	lamina_resid	lamina_resid_se	nucleolus_MKI67IP_mean	nucleolus_MKI67IP_se	nucleolus_MKI67IP_resid	nucleolus_MKI67IP_resid_se	nucleolus_POL1RE_mean	nucleolus_POL1RE_se	nucleolus_POL1RE_resid	nucleolus_POL1RE_resid_se	lam_minus_nuc	lam_minus_nuc_se	lam_minus_nuc_resid	lam_minus_nuc_resid_se
background	all_usable_bins	-	142486	142486	1.4249e+05	1	nan	0.40903	-0.1264	nan	0	nan	-0.2561	nan	0	nan	-0.19601	nan	0	nan	-0.08192	nan	0	nan	-0.060095	nan	0	nan
family	Alu	Alu	1126545	138346	73686	8.143	0.083212	0.43014	0.17954	0.0025337	0.1209	0.0015199	-0.70296	0.0032813	-0.18164	0.0025953	-0.081417	0.0016342	0.010418	0.0014236	0.050123	0.0011275	0.025788	0.00074738	-0.62154	0.0045348	-0.19206	0.0035618
family	L1	L1	918537	133981	92669	6.8557	0.084109	0.39842	-0.16835	0.001734	0.049501	0.0010638	-0.26736	0.0032204	-0.1236	0.0025647	-0.20248	0.0016489	0.038933	0.0014885	-0.10647	0.001085	0.023117	0.00079987	-0.064872	0.004533	-0.16254	0.003673
family	SVA	SVA	5318	4606	3841.5	1.1546	0.09162	0.43388	0.16443	0.0096499	0.074888	0.0061607	-0.73843	0.014474	-0.14995	0.011824	-0.057877	0.0087626	0.0089492	0.0080988	0.0548	0.0053996	0.0062785	0.004197	-0.68055	0.021128	-0.1589	0.017593
subfamily	Alu	Alu	4365	4103	3318.8	1.0639	0.082379	0.42984	0.17776	0.01232	0.12132	0.0069913	-0.70945	0.01604	-0.20085	0.011697	-0.054823	0.0087828	0.041372	0.0076937	0.060438	0.0059805	0.04029	0.0038838	-0.65463	0.022732	-0.24222	0.016937
subfamily	AluJb	Alu	125640	65561	44074	1.9164	0.088849	0.43068	0.18908	0.0030114	0.12661	0.0018651	-0.73321	0.0040996	-0.20145	0.0033445	-0.093407	0.0020803	-0.0054204	0.0018106	0.050327	0.001419	0.022236	0.0009612	-0.6398	0.0056798	-0.19603	0.0045551
subfamily	AluJo	Alu	77886	48065	33886	1.6204	0.090398	0.43463	0.22979	0.0036809	0.13139	0.0021363	-0.78726	0.0047416	-0.21751	0.0037651	-0.060995	0.0024783	0.011333	0.0021206	0.073889	0.0017069	0.029133	0.0011091	-0.72626	0.0066671	-0.22884	0.0052064
subfamily	AluJr	Alu	84987	51868	36210	1.6385	0.086103	0.43223	0.19245	0.0034151	0.11534	0.0020476	-0.75021	0.004636	-0.20606	0.0036738	-0.069327	0.0024692	0.013341	0.0020989	0.062249	0.0016721	0.028299	0.0010897	-0.68089	0.0065656	-0.2194	0.0051019
subfamily	AluJr4	Alu	20137	16915	14562	1.1905	0.095182	0.42055	0.092772	0.0049453	0.11998	0.0030663	-0.63279	0.0075336	-0.21259	0.0061976	-0.14375	0.0036973	-0.011091	0.0032224	0.0023029	0.0025795	0.020576	0.0018059	-0.48904	0.010364	-0.2015	0.0083861
subfamily	AluSc	Alu	34670	28630	24259	1.211	0.083619	0.42077	0.071491	0.0041129	0.095262	0.0023892	-0.55492	0.0061916	-0.13742	0.0047766	-0.12189	0.003003	0.011471	0.0026288	0.0015899	0.00208	0.020506	0.0013934	-0.43303	0.0085648	-0.14889	0.0066555
subfamily	AluSc5	Alu	6678	6319	5989.2	1.0568	0.081658	0.42095	0.066263	0.0083094	0.088889	0.0047564	-0.5446	0.012584	-0.12969	0.0095917	-0.11864	0.0062485	0.015011	0.0054693	0.001435	0.0043067	0.020512	0.0028766	-0.42597	0.017505	-0.1447	0.013481
subfamily	AluSc8	Alu	21831	18914	16575	1.1542	0.082531	0.42544	0.13823	0.0052352	0.12107	0.0030263	-0.64502	0.0074952	-0.1779	0.0058262	-0.091556	0.0037122	0.021883	0.0033151	0.030889	0.0025646	0.02883	0.0017726	-0.55346	0.01039	-0.19978	0.0081935
subfamily	AluSg	Alu	36490	28961	23871	1.26	0.089085	0.43005	0.18706	0.0043046	0.12907	0.0025063	-0.68872	0.0060224	-0.16816	0.0047291	-0.082636	0.002948	0.0095571	0.0025767	0.049057	0.0020413	0.025132	0.0013522	-0.60609	0.0083262	-0.17771	0.0065354
subfamily	AluSg4	Alu	7152	6670	6228.8	1.0723	0.090405	0.42997	0.19761	0.0083669	0.14031	0.0049085	-0.72109	0.012036	-0.19964	0.0093189	-0.066675	0.0060227	0.025345	0.0052513	0.05905	0.0041668	0.035069	0.0027753	-0.65442	0.016742	-0.22498	0.012998
subfamily	AluSg7	Alu	8617	7972	7389.1	1.0809	0.087055	0.42739	0.15953	0.0077665	0.1245	0.004509	-0.6855	0.011162	-0.19403	0.0088725	-0.066868	0.0057689	0.036915	0.0051867	0.051654	0.0038967	0.039877	0.0027781	-0.61863	0.015715	-0.23095	0.012669
subfamily	AluSp	Alu	50280	35580	26822	1.4132	0.090247	0.43191	0.22156	0.0040069	0.14728	0.0024545	-0.7472	0.0055607	-0.20124	0.0044931	-0.065317	0.0028226	0.017036	0.0025189	0.066877	0.0019152	0.033118	0.0013307	-0.68188	0.007761	-0.21828	0.0062916
subfamily	AluSq	Alu	18779	16247	14244	1.1558	0.086847	0.43367	0.22293	0.0055332	0.13266	0.0032545	-0.75233	0.0076497	-0.19154	0.0060483	-0.059291	0.0038863	0.016797	0.0034306	0.071107	0.0026666	0.030417	0.0018118	-0.69303	0.0107	-0.20834	0.008494
subfamily	AluSq10	Alu	2038	1958	1839.4	1.0409	0.078141	0.43038	0.211	0.015235	0.14835	0.0090361	-0.77234	0.022021	-0.24164	0.017602	-0.045523	0.01191	0.043231	0.010384	0.068263	0.0080508	0.040969	0.0053825	-0.72682	0.031355	-0.28487	0.024882
subfamily	AluSq2	Alu	60728	42929	32723	1.4146	0.084582	0.4301	0.17562	0.0036003	0.117	0.0021625	-0.68677	0.005032	-0.1619	0.0040334	-0.08201	0.0024955	0.0086224	0.0022126	0.049565	0.0017169	0.024351	0.0011697	-0.60476	0.0069633	-0.17052	0.0055849
subfamily	AluSq4	Alu	1795	1752	1712.9	1.0245	0.091895	0.42702	0.17871	0.016621	0.14674	0.0091955	-0.68636	0.023727	-0.2071	0.018441	-0.084821	0.011263	0.02306	0.0098831	0.041963	0.0080004	0.033952	0.0051937	-0.60154	0.032647	-0.23016	0.025537
subfamily	AluSx	Alu	116425	63295	42441	1.8394	0.083182	0.43465	0.22991	0.0032598	0.13129	0.0019384	-0.75593	0.0042882	-0.18354	0.0034145	-0.063316	0.002139	0.008132	0.0018671	0.07078	0.0014799	0.025351	0.00098413	-0.69261	0.0059404	-0.19167	0.0046993
subfamily	AluSx1	Alu	116227	63919	42983	1.8183	0.081932	0.43643	0.23842	0.0033235	0.12391	0.0019446	-0.75894	0.0042978	-0.17121	0.003363	-0.058737	0.002165	0.0063135	0.0018754	0.07554	0.0014983	0.023163	0.00097841	-0.7002	0.0059752	-0.17753	0.0046475
subfamily	AluSx3	Alu	32211	26125	21340	1.233	0.086278	0.42869	0.17224	0.0046298	0.12658	0.0028452	-0.68439	0.0064922	-0.18038	0.0050215	-0.08055	0.0033899	0.01822	0.002908	0.046035	0.0022854	0.028917	0.0014987	-0.60384	0.0091272	-0.1986	0.007012
subfamily	AluSx4	Alu	10987	10103	9355.5	1.0875	0.090468	0.42557	0.141	0.0066729	0.12283	0.0039399	-0.65102	0.009936	-0.17841	0.0078653	-0.093915	0.0048988	0.017386	0.0042995	0.030961	0.003367	0.027222	0.0022542	-0.5571	0.013791	-0.1958	0.010929
subfamily	AluSz	Alu	102570	60080	42223	1.7072	0.086302	0.43167	0.18597	0.0031114	0.11391	0.0018787	-0.71672	0.0042731	-0.17281	0.003453	-0.082434	0.0021482	0.00075981	0.001874	0.054345	0.001474	0.021334	0.0009886	-0.63428	0.0059284	-0.17357	0.0047369
subfamily	AluSz6	Alu	47726	35493	28156	1.3447	0.086947	0.42748	0.15706	0.0036915	0.12254	0.0022953	-0.69585	0.0053224	-0.19456	0.0043517	-0.099346	0.0026338	0.0011478	0.0023006	0.038595	0.0018017	0.023804	0.0012296	-0.5965	0.007353	-0.19571	0.0059322
subfamily	AluY	Alu	104948	65398	46728	1.6048	0.082678	0.42299	0.10328	0.0033475	0.10749	0.0018409	-0.58558	0.0045821	-0.1558	0.0034162	-0.1002	0.0022275	0.027418	0.0019655	0.016	0.001568	0.028038	0.0010439	-0.48539	0.0063371	-0.18322	0.004825
subfamily	AluYa5	Alu	3832	3777	3704.4	1.0146	0.090283	0.40064	-0.17349	0.0091164	0.026335	0.0054159	-0.21147	0.015967	-0.038351	0.01246	-0.21286	0.0082899	0.016718	0.0073402	-0.10675	0.0054977	0.010804	0.0039038	0.0013847	0.022754	-0.05507	0.018063
subfamily	AluYa8	Alu	329	319	310.15	1.0313	0.07837	0.41945	0.04762	0.03901	0.080373	0.022342	-0.5911	0.056904	-0.21075	0.044676	-0.034087	0.035287	0.11325	0.031294	0.03678	0.022726	0.067856	0.016938	-0.55702	0.08582	-0.32399	0.068423
subfamily	AluYb8	Alu	2817	2778	2741.1	1.014	0.079914	0.40528	-0.14018	0.010546	0.019434	0.0060734	-0.27038	0.0183	-0.040774	0.014298	-0.18821	0.0095548	0.01937	0.0085344	-0.08358	0.0063629	0.011244	0.0045556	-0.082174	0.025981	-0.060143	0.020678
subfamily	AluYb9	Alu	325	322	319.11	1.0093	0.090062	0.40274	-0.16123	0.029851	0.019031	0.016161	-0.21638	0.05181	-0.011811	0.038852	-0.1914	0.026991	0.025366	0.023953	-0.099161	0.01768	0.005816	0.012604	-0.02498	0.073172	-0.037178	0.056326
subfamily	AluYc	Alu	4556	4424	4294	1.0298	0.085669	0.41794	0.029067	0.0098313	0.076407	0.0054391	-0.48528	0.01506	-0.11417	0.0111	-0.13257	0.0075395	0.018651	0.0064577	-0.015774	0.0052633	0.020486	0.0033986	-0.35271	0.021065	-0.13282	0.015683
subfamily	AluYc3	Alu	548	541	534.35	1.0129	0.097967	0.42413	0.14431	0.029064	0.13573	0.015749	-0.68134	0.040603	-0.23834	0.032617	-0.044387	0.022348	0.077835	0.02089	0.060661	0.014705	0.066858	0.011212	-0.63695	0.057937	-0.31618	0.04819
subfamily	AluYd8	Alu	235	235	235	1	0.093617	0.40571	-0.12263	0.03443	0.036136	0.021471	-0.31114	0.062229	-0.069846	0.051622	-0.21417	0.032014	-0.011479	0.029361	-0.076467	0.021551	0.013948	0.016242	-0.096967	0.088684	-0.058367	0.074917
subfamily	AluYe5	Alu	1319	1303	1285.9	1.0123	0.095165	0.4176	0.054177	0.017779	0.10599	0.01024	-0.56169	0.027249	-0.18876	0.021602	-0.090983	0.014211	0.05918	0.013081	0.01036	0.0095751	0.046478	0.0070294	-0.47071	0.038497	-0.24794	0.031467
subfamily	AluYe6	Alu	196	194	192.08	1.0103	0.12371	0.42729	0.17374	0.051174	0.14045	0.026848	-0.67658	0.074814	-0.20026	0.051823	-0.10611	0.031573	0.0044563	0.027113	0.019117	0.024549	0.01318	0.015391	-0.57047	0.099875	-0.20472	0.0706
subfamily	AluYf1	Alu	1897	1851	1803.8	1.0249	0.077256	0.42411	0.10413	0.016006	0.099426	0.0086559	-0.5971	0.023454	-0.15619	0.01775	-0.072331	0.012284	0.051451	0.010932	0.027911	0.0083725	0.035848	0.0058081	-0.52477	0.033382	-0.20764	0.02599
subfamily	AluYg6	Alu	850	826	788.76	1.0291	0.083535	0.41421	-0.01219	0.021994	0.067458	0.012425	-0.42884	0.034172	-0.088425	0.025791	-0.15746	0.016402	0.0060178	0.014431	-0.036278	0.011708	0.013821	0.0078699	-0.27139	0.046983	-0.094443	0.035969
subfamily	AluYh3	Alu	2656	2587	2521.2	1.0267	0.085814	0.41755	0.039472	0.013634	0.090302	0.0074575	-0.4837	0.020041	-0.11646	0.015176	-0.12343	0.0097737	0.029387	0.008555	-0.011585	0.0069641	0.02635	0.0047215	-0.36027	0.027892	-0.14584	0.021453
subfamily	AluYh3a3	Alu	323	310	297.23	1.0419	0.080645	0.43251	0.27195	0.041532	0.19313	0.021307	-0.75635	0.056321	-0.22369	0.040117	-0.055502	0.026068	0.030451	0.021376	0.07252	0.019021	0.04194	0.011419	-0.70085	0.077213	-0.25414	0.054696
subfamily	AluYh7	Alu	165	151	101.97	1.0927	0.07947	0.42914	0.20657	0.097321	0.14862	0.043954	-0.72858	0.085138	-0.246	0.057308	0.019693	0.048961	0.12576	0.048107	0.10016	0.036016	0.088693	0.022887	-0.74827	0.12176	-0.37175	0.094757
subfamily	AluYh9	Alu	143	120	80.826	1.1917	0.1	0.42736	0.12589	0.088692	0.095627	0.043685	-0.75027	0.10294	-0.26621	0.079314	0.091596	0.071781	0.1969	0.069016	0.13872	0.047812	0.12959	0.03529	-0.84187	0.16199	-0.46311	0.13701
subfamily	AluYi6	Alu	443	440	437.08	1.0068	0.088636	0.41359	-0.024431	0.02957	0.063195	0.017348	-0.44622	0.047217	-0.11976	0.036279	-0.15024	0.024415	0.018941	0.021815	-0.04011	0.016938	0.015385	0.012208	-0.29598	0.066203	-0.1387	0.051858
subfamily	AluYi6_4d	Alu	151	148	145.23	1.0203	0.10811	0.41685	-0.00040133	0.050838	0.061061	0.029176	-0.42084	0.084157	-0.038041	0.060868	-0.15462	0.039584	-0.0084846	0.032356	-0.028038	0.028332	0.0062752	0.017964	-0.26622	0.11636	-0.029556	0.083648
subfamily	AluYj4	Alu	3441	3181	1975.1	1.0817	0.083622	0.42084	0.046188	0.012527	0.069306	0.0092469	-0.58524	0.023039	-0.17592	0.019049	-0.041482	0.022279	0.094333	0.020774	0.038454	0.012576	0.059464	0.010742	-0.54376	0.042792	-0.27025	0.036939
subfamily	AluYk11	Alu	1264	1236	1208.5	1.0227	0.087379	0.42929	0.19027	0.018567	0.13868	0.01095	-0.75726	0.02684	-0.2389	0.021321	-0.040212	0.014716	0.053232	0.012938	0.066082	0.0098082	0.043819	0.0068224	-0.71705	0.038473	-0.29213	0.030599
subfamily	AluYk12	Alu	208	202	196.65	1.0297	0.094059	0.41486	0.035603	0.047481	0.11297	0.026638	-0.52516	0.071191	-0.17836	0.049722	-0.079486	0.036056	0.082322	0.030423	0.0018417	0.024514	0.049972	0.015744	-0.44568	0.10119	-0.26068	0.072642
subfamily	AluYk2	Alu	786	769	751.58	1.0221	0.078023	0.42308	0.074241	0.023615	0.075857	0.012857	-0.55796	0.035347	-0.12232	0.026745	-0.10015	0.01759	0.024906	0.015555	0.017566	0.012081	0.027639	0.0082069	-0.4578	0.049007	-0.14723	0.037656
subfamily	AluYk3	Alu	1149	1130	1112.2	1.0168	0.083186	0.41813	0.032343	0.019472	0.07906	0.011233	-0.49415	0.029901	-0.1155	0.021964	-0.11207	0.014689	0.035895	0.012756	-0.0071087	0.01038	0.026403	0.0068131	-0.38208	0.041483	-0.1514	0.030977
subfamily	AluYk4	Alu	1008	995	980.76	1.0131	0.092462	0.41429	-0.013324	0.019684	0.067092	0.010993	-0.43988	0.031526	-0.10369	0.023614	-0.15313	0.016088	0.012318	0.014048	-0.043785	0.011216	0.0078639	0.0076297	-0.28675	0.044551	-0.11601	0.034048
subfamily	AluYm1	Alu	4737	4519	4314.4	1.0482	0.080991	0.41867	0.047861	0.0099012	0.089384	0.0055385	-0.53007	0.015542	-0.14534	0.012089	-0.09738	0.0080597	0.048371	0.0073023	0.0056319	0.005397	0.036876	0.0038763	-0.43269	0.022138	-0.19371	0.017788
subfamily	L1HS	L1	1547	1285	1134.8	1.2039	0.094942	0.38535	-0.38661	0.0095506	-0.048487	0.0068024	0.10709	0.023879	0.090825	0.021741	-0.22918	0.016231	0.073135	0.015459	-0.17677	0.0094957	0.015558	0.0082275	0.33627	0.037603	0.01769	0.034511
subfamily	L1M	L1	730	665	612.53	1.0977	0.084211	0.40723	-0.078937	0.025257	0.061252	0.01533	-0.36744	0.040229	-0.11893	0.03302	-0.19362	0.019692	0.0060648	0.018131	-0.070154	0.013603	0.016283	0.0099704	-0.17382	0.055724	-0.12499	0.046491
subfamily	L1M1	L1	9425	4839	3170.1	1.9477	0.1645	0.38446	-0.33334	0.0087439	0.0069786	0.0057236	-0.053489	0.017803	-0.083676	0.014617	-0.23724	0.0097628	0.071713	0.0090913	-0.1788	0.0060943	0.020097	0.0048512	0.18375	0.025804	-0.15539	0.021854
subfamily	L1M2	L1	9196	5500	3633.8	1.672	0.091818	0.38863	-0.26926	0.0083049	0.033419	0.005593	-0.15606	0.016941	-0.13313	0.014172	-0.19676	0.0092189	0.092439	0.0085272	-0.14009	0.0057225	0.038335	0.004441	0.040707	0.024436	-0.22557	0.020839
subfamily	L1M2a	L1	451	222	144.98	2.0315	0.12162	0.38973	-0.25574	0.043396	0.042277	0.029324	-0.1784	0.076678	-0.1343	0.067105	-0.20528	0.040826	0.073966	0.042829	-0.13852	0.025082	0.031017	0.021464	0.026879	0.10955	-0.20826	0.1032
subfamily	L1M2a1	L1	109	71	50.557	1.5352	0.11268	0.39421	-0.25213	0.066842	0.0046997	0.041467	-0.139	0.13105	-0.053838	0.10112	-0.22456	0.079673	0.037115	0.075176	-0.16445	0.045862	-0.015367	0.037076	0.085557	0.19355	-0.090953	0.16014
subfamily	L1M2b	L1	196	126	87.708	1.5556	0.13492	0.3898	-0.3767	0.048099	-0.078976	0.027165	-0.079466	0.094666	-0.046234	0.077934	-0.14693	0.056547	0.1351	0.053549	-0.15679	0.034701	0.014369	0.028369	0.06746	0.14329	-0.18133	0.124
subfamily	L1M2c	L1	388	202	132.99	1.9208	0.089109	0.39038	-0.27425	0.040222	0.022309	0.026601	-0.29148	0.094967	-0.2411	0.078265	-0.15669	0.049643	0.12053	0.045766	-0.11478	0.029589	0.051183	0.023768	-0.13479	0.13765	-0.36162	0.11662
subfamily	L1M3	L1	6691	4339	3091.6	1.5421	0.086886	0.39878	-0.12951	0.011441	0.082421	0.0064673	-0.36687	0.019572	-0.22034	0.014605	-0.13199	0.01065	0.10917	0.0096436	-0.074048	0.0070381	0.055219	0.005275	-0.23488	0.028388	-0.32951	0.022272
subfamily	L1M3a	L1	614	277	191.56	2.2166	0.16968	0.38426	-0.1096	0.036042	0.23943	0.030286	-0.90424	0.09066	-0.93326	0.082034	0.20961	0.054674	0.51657	0.052353	0.074359	0.033504	0.27133	0.030821	-1.1139	0.1365	-1.4498	0.12538
subfamily	L1M3b	L1	583	281	209.42	2.0747	0.11388	0.3784	-0.38871	0.029839	0.0060289	0.02198	0.017369	0.064528	-0.091232	0.054306	-0.21735	0.037074	0.12054	0.03313	-0.2001	0.021723	0.028848	0.01738	0.23472	0.095	-0.21177	0.079849
subfamily	L1M3c	L1	1018	482	327.95	2.112	0.13693	0.38182	-0.3313	0.029382	0.02962	0.01715	-0.039168	0.054812	-0.10858	0.042138	-0.22284	0.028442	0.10203	0.025128	-0.17581	0.018511	0.039058	0.013738	0.18368	0.078423	-0.21061	0.061929
subfamily	L1M3d	L1	474	274	185.99	1.7299	0.091241	0.37465	-0.38474	0.030764	0.03237	0.021595	0.019045	0.069402	-0.13132	0.0553	-0.27272	0.038072	0.084898	0.032578	-0.21875	0.024013	0.029773	0.017568	0.29177	0.10352	-0.21622	0.083084
subfamily	L1M3de	L1	443	194	139.68	2.2835	0.12371	0.38355	-0.34977	0.033954	0.0033816	0.028501	-0.266	0.086809	-0.30492	0.072557	-0.048271	0.057136	0.26304	0.052863	-0.091316	0.032769	0.11034	0.027723	-0.21773	0.13577	-0.56796	0.11661
subfamily	L1M3e	L1	769	412	278.81	1.8665	0.17718	0.38323	-0.335	0.025874	0.019532	0.019754	-0.061128	0.063907	-0.1125	0.054751	-0.20755	0.035122	0.10705	0.033283	-0.17144	0.021145	0.033652	0.017532	0.14642	0.09284	-0.21955	0.081497
subfamily	L1M3f	L1	676	310	195.12	2.1806	0.093548	0.38819	-0.27192	0.033076	0.040955	0.020109	-0.13413	0.071298	-0.11648	0.055035	-0.27363	0.044774	0.013845	0.037842	-0.168	0.028392	0.010143	0.020474	0.1395	0.11055	-0.13032	0.085888
subfamily	L1M4	L1	20663	10157	6353.1	2.0344	0.0828	0.40541	-0.030725	0.0084102	0.12563	0.0047969	-0.52142	0.012618	-0.29921	0.0097353	-0.10884	0.0065698	0.10112	0.0059483	-0.036617	0.0043693	0.060429	0.0031085	-0.41258	0.017808	-0.40033	0.014143
subfamily	L1M4a1	L1	2530	1334	886.31	1.8966	0.10345	0.3912	-0.18457	0.021382	0.094418	0.011694	-0.25575	0.033389	-0.2112	0.024342	-0.21782	0.016684	0.062116	0.014761	-0.12815	0.011164	0.040438	0.0077465	-0.037934	0.045925	-0.27332	0.034163
subfamily	L1M4a2	L1	2041	1147	731.72	1.7794	0.086312	0.39035	-0.15714	0.022287	0.12803	0.014653	-0.33017	0.038761	-0.28534	0.030065	-0.21428	0.016873	0.06747	0.014814	-0.12258	0.011826	0.04787	0.0082664	-0.11589	0.051606	-0.35281	0.04004
subfamily	L1M4b	L1	4282	1613	1014.7	2.6547	0.10725	0.39052	-0.21058	0.017401	0.073387	0.01044	-0.27157	0.030831	-0.22663	0.025222	-0.16539	0.015815	0.11537	0.014341	-0.1117	0.01093	0.058036	0.0078878	-0.10618	0.04373	-0.342	0.036299
subfamily	L1M4c	L1	3415	1278	824.24	2.6721	0.08529	0.39114	-0.14771	0.020484	0.13446	0.01343	-0.52309	0.036687	-0.47237	0.031238	-0.075939	0.020367	0.20203	0.020269	-0.056084	0.011985	0.11084	0.010445	-0.44715	0.052613	-0.6744	0.047376
subfamily	L1M5	L1	54255	30509	20714	1.7783	0.088072	0.40081	-0.11788	0.0040603	0.077411	0.0023217	-0.33329	0.0068304	-0.16323	0.0051758	-0.19145	0.0034127	0.039942	0.0029747	-0.090058	0.002315	0.028969	0.0015816	-0.14184	0.0095444	-0.20317	0.0073152
subfamily	L1M6	L1	5619	3016	2083.6	1.8631	0.1061	0.3892	-0.28777	0.009424	0.012373	0.0057605	-0.04299	0.019442	-0.011246	0.015079	-0.28313	0.0095452	0.0019356	0.00817	-0.17754	0.0064193	-0.0031013	0.004464	0.24014	0.027005	-0.013182	0.020823
subfamily	L1M6B	L1	627	498	351.95	1.259	0.13052	0.39993	-0.16245	0.022005	0.046446	0.014216	-0.28976	0.046104	-0.10966	0.035882	-0.2024	0.022167	0.025388	0.01921	-0.10443	0.014408	0.012329	0.0098786	-0.087358	0.06397	-0.13505	0.049882
subfamily	L1M7	L1	3240	1656	1136.3	1.9565	0.095411	0.39121	-0.23529	0.01393	0.045988	0.0089747	-0.15976	0.027285	-0.10121	0.02189	-0.24614	0.014022	0.029009	0.012383	-0.14478	0.0091137	0.019381	0.0067468	0.086378	0.038557	-0.13022	0.031064
subfamily	L1M8	L1	1690	924	626.34	1.829	0.087662	0.38932	-0.22901	0.020221	0.061876	0.012409	-0.21848	0.039846	-0.18329	0.031024	-0.24087	0.019342	0.044851	0.016553	-0.15013	0.013194	0.024886	0.0090496	0.022389	0.055137	-0.22814	0.042583
subfamily	L1MA1	L1	4195	2712	1894.5	1.5468	0.17588	0.38238	-0.37797	0.0099613	-0.021231	0.0060205	0.10347	0.01992	0.039891	0.016092	-0.30045	0.010582	0.021092	0.0098484	-0.22102	0.0068576	-0.0095663	0.0053443	0.40392	0.028362	0.0188	0.023677
subfamily	L1MA10	L1	4902	3597	2568.9	1.3628	0.077565	0.3902	-0.27432	0.0093005	0.011959	0.0052598	-0.065468	0.019081	-0.023455	0.014894	-0.2508	0.010698	0.031474	0.0094764	-0.16345	0.0068399	0.0079892	0.0049624	0.18534	0.028118	-0.054929	0.022477
subfamily	L1MA2	L1	7465	4356	2894.4	1.7137	0.16368	0.38585	-0.30915	0.0083253	0.019343	0.0056002	-0.073498	0.017007	-0.087409	0.014269	-0.25852	0.0090686	0.043832	0.0084831	-0.17967	0.0058752	0.012361	0.0047346	0.18502	0.024079	-0.13124	0.02059
subfamily	L1MA3	L1	8800	4920	3200	1.7886	0.10305	0.38547	-0.31071	0.0086068	0.019963	0.0055183	-0.047801	0.016854	-0.064089	0.01303	-0.28122	0.0083186	0.022242	0.0075703	-0.18498	0.0055197	0.008467	0.0041834	0.23342	0.023314	-0.086331	0.018514
subfamily	L1MA4	L1	9840	5948	3905.5	1.6543	0.081036	0.38651	-0.28882	0.0078411	0.030488	0.0049746	-0.09077	0.015418	-0.09054	0.012465	-0.25732	0.0080977	0.041515	0.0073999	-0.16755	0.0051667	0.020891	0.0039304	0.16655	0.021927	-0.13205	0.018104
subfamily	L1MA4A	L1	6086	3246	2075.3	1.8749	0.096426	0.38845	-0.28755	0.01046	0.019685	0.0068066	-0.040202	0.020081	-0.020679	0.016	-0.28377	0.0096065	0.0056742	0.0084938	-0.18067	0.00656	-0.0017569	0.0046742	0.24357	0.027535	-0.026354	0.021978
subfamily	L1MA5	L1	4373	2545	1634.9	1.7183	0.086051	0.38828	-0.25876	0.011782	0.046651	0.0074389	-0.15608	0.024157	-0.13276	0.019415	-0.24178	0.012271	0.047558	0.011021	-0.14899	0.0078289	0.029855	0.005728	0.085701	0.034169	-0.18032	0.027891
subfamily	L1MA5A	L1	3375	2200	1522.6	1.5341	0.092273	0.39345	-0.23424	0.011862	0.028291	0.007385	-0.16154	0.023437	-0.071402	0.019183	-0.24561	0.012542	0.017274	0.011411	-0.13802	0.0082084	0.01407	0.0062527	0.084074	0.033584	-0.088676	0.02793
subfamily	L1MA6	L1	5351	3106	2060.4	1.7228	0.086607	0.38219	-0.35712	0.0091448	-0.0026906	0.0062513	-0.020441	0.022114	-0.075303	0.019286	-0.22842	0.013588	0.091999	0.012953	-0.16917	0.008368	0.041308	0.0072426	0.20798	0.033699	-0.1673	0.030219
subfamily	L1MA7	L1	8421	5311	3712.2	1.5856	0.09245	0.38801	-0.27771	0.0081927	0.028443	0.0051048	-0.091605	0.016061	-0.073882	0.012626	-0.23804	0.0084492	0.053941	0.0074364	-0.15976	0.0055583	0.021691	0.0040416	0.14643	0.022961	-0.12782	0.018244
subfamily	L1MA8	L1	10812	6578	4392.7	1.6437	0.079051	0.38878	-0.27349	0.0076363	0.025302	0.0047455	-0.08749	0.015042	-0.059737	0.012064	-0.24686	0.0079544	0.041042	0.0071285	-0.15866	0.0050803	0.018816	0.003739	0.15937	0.021752	-0.10078	0.017804
subfamily	L1MA9	L1	16113	8857	5923.9	1.8192	0.082308	0.38681	-0.3114	0.0060227	0.0065092	0.0040168	-0.048543	0.012646	-0.043525	0.010478	-0.24393	0.0070578	0.052872	0.0065239	-0.16616	0.0044255	0.020324	0.0035034	0.19538	0.018404	-0.096397	0.015598
subfamily	L1MB1	L1	5996	3320	2212.4	1.806	0.084639	0.38345	-0.35448	0.009008	-0.010325	0.0057875	0.051641	0.019745	0.0098793	0.016395	-0.2689	0.011506	0.046126	0.010704	-0.19304	0.0075053	0.012165	0.0062309	0.32054	0.029177	-0.036247	0.024896
subfamily	L1MB2	L1	8811	4773	2654.1	1.846	0.079195	0.4081	-0.042297	0.010614	0.093721	0.0078693	-0.63959	0.021342	-0.36817	0.022894	-0.03727	0.015643	0.1539	0.016687	0.017763	0.008695	0.096479	0.009239	-0.60232	0.034806	-0.52207	0.037742
subfamily	L1MB3	L1	17116	9819	6218.1	1.7432	0.08952	0.42563	0.092773	0.0077702	0.073526	0.0044173	-0.65399	0.011595	-0.19012	0.0090253	-0.07798	0.0060138	0.036426	0.0051958	0.035619	0.0041393	0.034451	0.0028154	-0.57601	0.016421	-0.22654	0.012784
subfamily	L1MB4	L1	8844	5025	3131.2	1.76	0.086965	0.41289	0.021769	0.011051	0.11586	0.0070808	-0.63556	0.017044	-0.30227	0.01434	-0.097756	0.0085283	0.070093	0.0081079	0.002233	0.005454	0.056911	0.0042853	-0.53781	0.023452	-0.37237	0.020182
subfamily	L1MB5	L1	9725	5181	3246.3	1.8771	0.084347	0.4269	0.15227	0.01138	0.12189	0.0065204	-0.72587	0.016429	-0.26317	0.012682	-0.045087	0.0084039	0.068744	0.0074337	0.051379	0.0057037	0.048556	0.0038062	-0.68078	0.023006	-0.33192	0.017984
subfamily	L1MB7	L1	22769	11324	7061.4	2.0107	0.082745	0.41501	0.044285	0.0072115	0.11785	0.0041909	-0.59	0.010948	-0.25178	0.0086733	-0.14383	0.0052297	0.020707	0.0045857	-0.017016	0.0036935	0.032965	0.0024833	-0.44617	0.014855	-0.27249	0.011672
subfamily	L1MB8	L1	16306	8701	5300.8	1.874	0.083669	0.40976	-0.019857	0.0082364	0.10015	0.0047434	-0.4949	0.013118	-0.2129	0.010392	-0.16359	0.0064259	0.023454	0.0056194	-0.046028	0.0044569	0.027635	0.0030046	-0.33131	0.018248	-0.23636	0.014476
subfamily	L1MC	L1	8076	6004	4271.8	1.3451	0.085276	0.39956	-0.13587	0.010765	0.068995	0.0058994	-0.32385	0.016107	-0.1689	0.011332	-0.16529	0.0082014	0.071819	0.0070408	-0.082769	0.0059011	0.04244	0.0038206	-0.15856	0.022816	-0.24072	0.016594
subfamily	L1MC1	L1	12868	6993	3256.5	1.8401	0.084084	0.39592	-0.20124	0.0083742	0.037167	0.0050276	-0.18375	0.015749	-0.067227	0.011292	-0.25185	0.0069067	0.0012278	0.0064195	-0.13727	0.0047306	0.0042088	0.0031918	0.068095	0.020231	-0.068454	0.014884
subfamily	L1MC2	L1	6254	3343	2071.4	1.8708	0.084954	0.40078	-0.11586	0.013125	0.080051	0.0081993	-0.34774	0.022096	-0.17971	0.016856	-0.18078	0.010047	0.051279	0.0086021	-0.090099	0.0070212	0.029508	0.0046829	-0.16696	0.029989	-0.23099	0.022798
subfamily	L1MC3	L1	13025	6409	4075.9	2.0323	0.091434	0.39658	-0.19847	0.0087776	0.031521	0.004581	-0.2023	0.016254	-0.090629	0.012558	-0.18786	0.0089723	0.066484	0.0081584	-0.1118	0.0057919	0.030327	0.004315	-0.014434	0.023904	-0.15711	0.019354
subfamily	L1MC4	L1	24725	12202	8257.3	2.0263	0.086379	0.40872	-0.039159	0.0063385	0.089515	0.0038583	-0.44986	0.010363	-0.17726	0.0081124	-0.18141	0.0048868	0.0096915	0.0042069	-0.057386	0.0034144	0.020551	0.0022594	-0.26845	0.014141	-0.18695	0.010966
subfamily	L1MC4a	L1	10286	5887	3782.7	1.7472	0.087141	0.40631	-0.070171	0.0090982	0.07908	0.0053125	-0.41742	0.015391	-0.17804	0.012125	-0.17762	0.0074222	0.025984	0.0064241	-0.064481	0.0051159	0.026435	0.003473	-0.2398	0.021194	-0.20402	0.016578
subfamily	L1MC5	L1	15206	9091	6222.7	1.6726	0.090419	0.41208	-0.0087037	0.0070553	0.091658	0.0043926	-0.48972	0.011528	-0.17275	0.0092817	-0.17647	0.0054666	-0.0025932	0.0047191	-0.040499	0.0038188	0.019827	0.002563	-0.31326	0.015771	-0.17016	0.012519
subfamily	L1MC5a	L1	16856	10237	7027.9	1.6466	0.096122	0.4119	-0.0069985	0.0069213	0.095202	0.0042234	-0.49425	0.010985	-0.17956	0.0087416	-0.17256	0.0052583	0.0018953	0.0045294	-0.041785	0.0036685	0.019308	0.00243	-0.32169	0.015096	-0.18145	0.011875
subfamily	L1MCa	L1	7444	3003	2000.2	2.4789	0.077589	0.39084	-0.23137	0.011693	0.049613	0.0070023	-0.25838	0.022447	-0.20615	0.017676	-0.16443	0.012321	0.11355	0.011253	-0.10849	0.0079111	0.058586	0.0060221	-0.093951	0.032434	-0.31969	0.026407
subfamily	L1MCb	L1	2181	1004	700.66	2.1723	0.093625	0.38028	-0.38924	0.015714	-0.020424	0.0088131	0.11813	0.03589	0.034969	0.029489	-0.24789	0.019902	0.083773	0.018059	-0.20811	0.012429	0.013465	0.009471	0.36601	0.053306	-0.048804	0.044885
subfamily	L1MCc	L1	3311	1441	1022.2	2.2977	0.084663	0.38444	-0.33381	0.014833	0.0011593	0.0081293	0.036055	0.028391	0.0034657	0.02159	-0.30633	0.014079	0.0054259	0.0123	-0.20722	0.0097955	-0.0060156	0.0067648	0.34238	0.039472	-0.0019602	0.030341
subfamily	L1MD	L1	8811	5968	4217.6	1.4764	0.08931	0.40155	-0.095229	0.0096081	0.092763	0.0053297	-0.38665	0.015361	-0.208	0.011313	-0.1692	0.0076726	0.059167	0.0066745	-0.079375	0.0052248	0.036402	0.0034321	-0.21745	0.021422	-0.26716	0.016059
subfamily	L1MD1	L1	6686	2729	1666.5	2.45	0.096372	0.39905	-0.14675	0.013348	0.065026	0.0076835	-0.26529	0.023228	-0.11349	0.017547	-0.22624	0.010334	0.012264	0.0088327	-0.1147	0.0072806	0.011568	0.0047362	-0.039057	0.031171	-0.12576	0.023389
subfamily	L1MD2	L1	10703	5375	3284.9	1.9913	0.095442	0.40471	-0.085114	0.0097861	0.077552	0.0060887	-0.42145	0.016999	-0.19395	0.013392	-0.15423	0.0081413	0.054855	0.007205	-0.062905	0.0055925	0.03386	0.0039628	-0.26722	0.0234	-0.24881	0.018556
subfamily	L1MD3	L1	5230	3395	2244.6	1.5405	0.086303	0.40938	-0.055771	0.012195	0.066232	0.0073833	-0.42895	0.021461	-0.15495	0.017312	-0.13721	0.011015	0.052483	0.009952	-0.043109	0.0071102	0.033248	0.005138	-0.29173	0.030489	-0.20744	0.025043
subfamily	L1MDa	L1	6834	2645	1743.1	2.5837	0.098677	0.39748	-0.14801	0.014194	0.07797	0.0086752	-0.37838	0.025011	-0.24556	0.019198	-0.15567	0.012407	0.089807	0.010759	-0.088683	0.0081523	0.045134	0.0056609	-0.22272	0.034884	-0.33537	0.026908
subfamily	L1MDb	L1	1056	440	302.37	2.4	0.15	0.38923	-0.23713	0.027167	0.061857	0.01708	-0.2958	0.060723	-0.26088	0.047558	-0.14958	0.029047	0.1343	0.024357	-0.13	0.018814	0.043801	0.012906	-0.14622	0.084117	-0.39519	0.064878
subfamily	L1ME1	L1	30794	13703	8538.4	2.2472	0.089032	0.39798	-0.13861	0.0059699	0.081763	0.0035169	-0.31033	0.010412	-0.17048	0.0080161	-0.22593	0.004761	0.017601	0.0040982	-0.11068	0.0033632	0.020976	0.0022386	-0.084399	0.014094	-0.18808	0.010793
subfamily	L1ME2	L1	12689	5941	3639.9	2.1358	0.092409	0.39798	-0.13972	0.010123	0.079464	0.0056337	-0.27974	0.016394	-0.14633	0.012028	-0.2207	0.0075404	0.025138	0.0063791	-0.11238	0.0054551	0.02158	0.0035413	-0.059036	0.022378	-0.17147	0.016454
subfamily	L1ME2z	L1	7031	4043	2467.9	1.7391	0.081128	0.40749	-0.031442	0.012225	0.10627	0.0070777	-0.46847	0.019236	-0.21559	0.014199	-0.16744	0.0090431	0.031207	0.0074915	-0.051869	0.0065165	0.033685	0.0041197	-0.30103	0.026278	-0.2468	0.01912
subfamily	L1ME3	L1	9159	4783	3013.1	1.9149	0.08802	0.40907	-0.053358	0.010628	0.070195	0.005972	-0.40997	0.017723	-0.14074	0.013528	-0.16925	0.0085753	0.023212	0.0076343	-0.056421	0.0059147	0.022491	0.0040031	-0.24072	0.024625	-0.16395	0.019223
subfamily	L1ME3A	L1	15631	8350	5236	1.872	0.083234	0.40093	-0.14509	0.0076629	0.04637	0.0041687	-0.26334	0.013408	-0.089823	0.0096889	-0.21157	0.006321	0.019083	0.0054552	-0.10526	0.0045133	0.012969	0.0029663	-0.051768	0.018353	-0.10891	0.013459
subfamily	L1ME3B	L1	8083	3859	2354.2	2.0946	0.088624	0.4011	-0.098046	0.011228	0.096736	0.0069142	-0.38046	0.019439	-0.20283	0.015388	-0.20646	0.0092202	0.021921	0.008045	-0.089552	0.006337	0.026435	0.0043809	-0.174	0.026518	-0.22475	0.020864
subfamily	L1ME3C	L1	3432	2069	1337.3	1.6588	0.079265	0.40299	-0.10797	0.013784	0.071663	0.0083178	-0.32658	0.025417	-0.12486	0.019813	-0.20095	0.011846	0.017749	0.010483	-0.078882	0.0082916	0.027509	0.0058973	-0.12563	0.034736	-0.14261	0.027324
subfamily	L1ME3Cz	L1	12128	7520	4984	1.6128	0.092021	0.40301	-0.11893	0.0070812	0.060812	0.0043801	-0.33811	0.012667	-0.12845	0.0099973	-0.21588	0.0060959	-1.3722e-05	0.0052851	-0.090585	0.0041574	0.01349	0.0027976	-0.12223	0.017381	-0.12844	0.013602
subfamily	L1ME3D	L1	4138	2062	1266.3	2.0068	0.085354	0.39813	-0.14903	0.013906	0.072767	0.0088913	-0.30341	0.026836	-0.15147	0.021158	-0.22255	0.013159	0.016521	0.011533	-0.10777	0.0085689	0.020121	0.0060458	-0.080859	0.037178	-0.16799	0.029344
subfamily	L1ME3E	L1	4460	2289	1356.1	1.9484	0.090869	0.39749	-0.15237	0.01424	0.074464	0.0089701	-0.28871	0.025346	-0.15934	0.02052	-0.25022	0.011315	-0.003659	0.0099595	-0.12159	0.0078653	0.012925	0.0056761	-0.03849	0.034102	-0.15568	0.027449
subfamily	L1ME3F	L1	4603	2309	1465.2	1.9935	0.097012	0.3997	-0.11866	0.015098	0.08632	0.0093697	-0.2995	0.025802	-0.13765	0.019589	-0.22676	0.011608	0.0078906	0.0097406	-0.10843	0.0084491	0.014358	0.0053332	-0.072744	0.034913	-0.14554	0.026181
subfamily	L1ME3G	L1	16344	11092	8018.9	1.4735	0.087631	0.41069	-0.048484	0.0058158	0.064712	0.0037362	-0.44426	0.010112	-0.13732	0.0082981	-0.17706	0.0053005	0.00085053	0.0047345	-0.050075	0.0034816	0.015189	0.0025284	-0.2672	0.014226	-0.13817	0.011649
subfamily	L1ME4a	L1	33902	20993	15018	1.6149	0.093126	0.41245	-0.065941	0.0040821	0.032819	0.0025865	-0.40061	0.0070103	-0.073144	0.0057147	-0.19585	0.0034028	-0.026678	0.0029605	-0.054807	0.0023577	0.0014995	0.0016154	-0.20476	0.0096039	-0.046465	0.0077044
subfamily	L1ME4b	L1	21779	14293	10393	1.5238	0.082278	0.41758	0.023058	0.0053175	0.075377	0.0033139	-0.54623	0.0086957	-0.15734	0.0069937	-0.15303	0.0043954	-0.0078714	0.0038374	-0.013894	0.0029665	0.017751	0.0020381	-0.39319	0.012073	-0.14947	0.0096092
subfamily	L1ME4c	L1	8604	6935	5686.7	1.2407	0.087671	0.41195	-0.066503	0.0064249	0.036815	0.0041652	-0.40699	0.011428	-0.083755	0.009448	-0.1984	0.0056167	-0.026948	0.004842	-0.058547	0.003855	-4.0489e-06	0.0026018	-0.20859	0.015684	-0.056807	0.012641
subfamily	L1ME5	L1	3132	2224	1685.5	1.4083	0.086331	0.4074	-0.10178	0.013796	0.037776	0.00794	-0.30384	0.023066	-0.039354	0.0175	-0.2083	0.010888	-0.01362	0.0092417	-0.087922	0.0075138	-0.0055031	0.0048117	-0.095538	0.031583	-0.025734	0.023793
subfamily	L1MEa	L1	391	203	132.82	1.9261	0.10837	0.38846	-0.22951	0.044117	0.068907	0.023951	-0.18427	0.083593	-0.15346	0.061819	-0.25151	0.03974	0.036479	0.034827	-0.15071	0.028633	0.027758	0.020533	0.067247	0.11499	-0.18994	0.086683
subfamily	L1MEb	L1	1720	905	638.96	1.9006	0.090608	0.39376	-0.21141	0.020814	0.044254	0.012715	-0.25352	0.039282	-0.17069	0.031308	-0.18528	0.022286	0.079524	0.01985	-0.10629	0.013974	0.047307	0.010475	-0.068234	0.057546	-0.25021	0.046497
subfamily	L1MEc	L1	18308	7141	4807.7	2.5638	0.091584	0.39381	-0.17573	0.008321	0.079493	0.0046393	-0.295	0.014118	-0.21012	0.010992	-0.20544	0.0073342	0.059649	0.0067248	-0.11273	0.0048539	0.04085	0.0036222	-0.089569	0.019927	-0.26976	0.01603
subfamily	L1MEd	L1	21326	8569	5745.9	2.4887	0.084724	0.39626	-0.17563	0.0074626	0.058859	0.0041909	-0.23485	0.012778	-0.12207	0.0097255	-0.23183	0.0063081	0.021661	0.0055738	-0.12246	0.0043202	0.019281	0.0030315	-0.0030191	0.017837	-0.14373	0.013842
subfamily	L1MEf	L1	11765	4254	2916.9	2.7656	0.091678	0.39282	-0.17738	0.010328	0.085579	0.0061843	-0.28478	0.018376	-0.21105	0.013766	-0.20725	0.0089652	0.062619	0.0075694	-0.11553	0.0061846	0.042921	0.0042031	-0.077533	0.025479	-0.27367	0.019006
subfamily	L1MEg	L1	14469	5575	3741.7	2.5953	0.089327	0.39164	-0.20761	0.0087953	0.063879	0.00478	-0.21847	0.016173	-0.16544	0.01215	-0.22249	0.0081589	0.055418	0.0070906	-0.1376	0.0055721	0.028875	0.0038429	0.0040208	0.022788	-0.22086	0.017412
subfamily	L1MEg1	L1	867	430	276.87	2.0163	0.10233	0.38203	-0.32436	0.028962	0.029613	0.017395	0.015076	0.057965	-0.053083	0.045189	-0.32142	0.023991	0.0038162	0.019999	-0.22606	0.016796	-0.011104	0.011294	0.3365	0.075057	-0.056899	0.056419
subfamily	L1MEg2	L1	720	377	255.12	1.9098	0.082228	0.3828	-0.33109	0.030341	0.016813	0.016643	-0.020332	0.06242	-0.082921	0.048805	-0.23309	0.029613	0.089476	0.027998	-0.17997	0.021039	0.032364	0.015974	0.21276	0.085975	-0.1724	0.070153
subfamily	L1MEh	L1	2791	1565	1132.1	1.7834	0.088179	0.39699	-0.18528	0.016288	0.044186	0.0097947	-0.21805	0.02904	-0.092675	0.022523	-0.22017	0.014193	0.028846	0.012798	-0.12046	0.0095291	0.017004	0.0069148	0.0021239	0.040253	-0.12152	0.031913
subfamily	L1MEi	L1	5156	2803	1904.3	1.8395	0.10881	0.39375	-0.22587	0.010426	0.034059	0.0066648	-0.18455	0.020254	-0.096748	0.015786	-0.26541	0.0097336	-0.0023365	0.0083639	-0.14638	0.0066591	0.0055203	0.004624	0.080866	0.027795	-0.094411	0.021479
subfamily	L1MEj	L1	2293	1283	925.84	1.7872	0.090413	0.39206	-0.24776	0.015682	0.025045	0.0096052	-0.082893	0.029995	-0.016581	0.022938	-0.27322	0.015579	-0.00086896	0.013216	-0.16531	0.010169	-0.0040105	0.0069355	0.19032	0.04196	-0.015712	0.031651
subfamily	L1P	L1	153	140	127.92	1.0929	0.10714	0.39291	-0.30282	0.053057	-0.04811	0.023115	-0.057007	0.081305	0.0093212	0.059983	-0.21503	0.047812	0.056557	0.043676	-0.13563	0.031632	0.023196	0.023265	0.15802	0.12199	-0.047235	0.09722
subfamily	L1P1	L1	3061	2715	2443.2	1.1274	0.094291	0.38345	-0.38874	0.0075174	-0.037674	0.0053865	0.031053	0.01849	-0.010887	0.01602	-0.19844	0.0121	0.1148	0.011307	-0.16698	0.0071655	0.036342	0.0060601	0.22949	0.028891	-0.12569	0.025512
subfamily	L1P2	L1	1545	1232	1047.4	1.2541	0.10065	0.38696	-0.35095	0.011589	-0.027285	0.008402	-0.037799	0.030016	-0.030137	0.024628	-0.18841	0.018569	0.10591	0.016656	-0.1638	0.01093	0.019958	0.0085449	0.15061	0.046181	-0.13605	0.038551
subfamily	L1P3	L1	3402	2695	2218	1.2623	0.1013	0.38342	-0.38994	0.0086691	-0.039158	0.0056754	0.03166	0.02187	-0.013017	0.018385	-0.22895	0.013067	0.08554	0.012042	-0.18283	0.0080239	0.021593	0.006645	0.26061	0.033394	-0.098557	0.028794
subfamily	L1P3b	L1	84	63	49.69	1.3333	0.12698	0.38496	-0.34231	0.068105	-0.0053785	0.045594	0.020316	0.18218	0.019641	0.14072	-0.28245	0.063205	0.019972	0.051424	-0.21312	0.043333	-0.021448	0.027391	0.30276	0.23345	-0.00033085	0.17683
subfamily	L1P4	L1	3661	2675	2037.8	1.3686	0.08972	0.3825	-0.33074	0.011841	0.021859	0.0078413	-0.054279	0.02405	-0.10701	0.018977	-0.20511	0.013599	0.11429	0.012234	-0.16265	0.008576	0.046821	0.0066628	0.15083	0.035554	-0.2213	0.028904
subfamily	L1P4a	L1	560	289	207.13	1.9377	0.13495	0.37897	-0.43667	0.034424	-0.048529	0.019135	0.072339	0.070086	-0.038104	0.054731	-0.22199	0.039229	0.11512	0.036501	-0.20798	0.024775	0.020828	0.019725	0.29433	0.10278	-0.15322	0.084802
subfamily	L1P4b	L1	154	107	85.309	1.4393	0.16822	0.38807	-0.38835	0.053564	-0.073257	0.023705	-0.089747	0.11685	-0.087125	0.089644	-0.088471	0.08128	0.20431	0.075355	-0.12642	0.046741	0.055587	0.039805	-0.0012765	0.18833	-0.29144	0.15561
subfamily	L1P4d	L1	155	88	64.41	1.7614	0.14773	0.38737	-0.40604	0.03826	-0.08105	0.027143	0.0021304	0.12066	0.0085087	0.10215	-0.15145	0.090199	0.14008	0.085509	-0.18181	0.049808	0.00022263	0.043244	0.15358	0.20194	-0.13157	0.17906
subfamily	L1P4e	L1	211	132	99.156	1.5985	0.17424	0.37799	-0.43689	0.031662	-0.035133	0.025288	0.13938	0.10046	0.012327	0.09618	-0.21595	0.065463	0.12639	0.063957	-0.212	0.038427	0.021463	0.036697	0.35533	0.15706	-0.11406	0.15111
subfamily	L1P5	L1	618	512	419.7	1.207	0.083984	0.39307	-0.24081	0.024942	0.020825	0.013292	-0.16627	0.049299	-0.089355	0.036331	-0.19333	0.027411	0.073746	0.023774	-0.12405	0.017923	0.032773	0.011882	0.02706	0.072275	-0.1631	0.054915
subfamily	L1PA10	L1	6974	5162	3984.7	1.351	0.087176	0.38993	-0.31692	0.0067262	-0.020582	0.0044633	-0.020378	0.015254	0.021772	0.012847	-0.24308	0.0081021	0.037176	0.0074523	-0.17117	0.0048883	-0.0015114	0.0038639	0.2227	0.022019	-0.015403	0.018846
subfamily	L1PA11	L1	4075	3015	2353.1	1.3516	0.093532	0.38855	-0.3284	0.0080877	-0.019569	0.0055196	-0.014813	0.018934	0.0095087	0.016193	-0.26667	0.010642	0.020733	0.0099084	-0.17887	0.00683	-0.0021181	0.0057238	0.25186	0.027672	-0.011224	0.024057
subfamily	L1PA12	L1	1728	1184	746.12	1.4595	0.11909	0.39096	-0.33191	0.016779	-0.046548	0.011489	-0.097867	0.043624	-0.037005	0.030003	-0.15172	0.026629	0.12226	0.021519	-0.12959	0.016254	0.033771	0.011285	0.053851	0.067588	-0.15926	0.047996
subfamily	L1PA13	L1	8800	6208	4685.4	1.4175	0.10825	0.38226	-0.38164	0.0059861	-0.023387	0.004068	0.082037	0.013295	0.023649	0.010869	-0.28024	0.0075452	0.040154	0.0069918	-0.2103	0.004713	0.00020151	0.0037875	0.36228	0.019416	-0.016506	0.016349
subfamily	L1PA14	L1	3030	2148	1610.1	1.4106	0.10382	0.3863	-0.33827	0.010815	-0.011648	0.0071997	0.013907	0.022628	0.0057263	0.018448	-0.28442	0.012682	0.015473	0.01151	-0.1958	0.0079998	-0.0062769	0.0061415	0.29832	0.032959	-0.0097463	0.027337
subfamily	L1PA15	L1	8178	5295	3865.9	1.5445	0.11407	0.38331	-0.36773	0.0060702	-0.016706	0.0040833	0.073434	0.013909	0.027865	0.011858	-0.27829	0.0077777	0.036135	0.0072147	-0.2037	0.004902	0.00099208	0.0039672	0.35173	0.020262	-0.0082696	0.017536
subfamily	L1PA15-16	L1	1333	644	450.19	2.0699	0.10714	0.38159	-0.43353	0.020307	-0.06733	0.012537	0.088087	0.047094	0.013624	0.035084	-0.20661	0.030389	0.11766	0.026427	-0.19633	0.019317	0.018287	0.014848	0.2947	0.073733	-0.10403	0.057098
subfamily	L1PA16	L1	13835	8883	6409.5	1.5575	0.085782	0.38419	-0.36501	0.0048736	-0.023371	0.0031923	0.041859	0.011466	0.0095901	0.0094355	-0.26237	0.0071552	0.047889	0.0064873	-0.18674	0.0044643	0.013581	0.0035304	0.30423	0.017493	-0.038299	0.01466
subfamily	L1PA17	L1	4702	3260	2284.4	1.4423	0.083436	0.39181	-0.27712	0.010045	-0.00065591	0.0062088	-0.12975	0.021241	-0.064092	0.017168	-0.21295	0.011684	0.059157	0.010626	-0.13765	0.0072838	0.023738	0.005524	0.083196	0.031119	-0.12325	0.025826
subfamily	L1PA2	L1	4773	3936	3463.8	1.2127	0.086636	0.38434	-0.38433	0.0058014	-0.039604	0.0039905	0.078302	0.014117	0.049823	0.012331	-0.2226	0.0090768	0.085213	0.0084839	-0.17655	0.005466	0.021398	0.0045804	0.3009	0.021774	-0.03539	0.019288
subfamily	L1PA3	L1	10424	8362	7152.4	1.2466	0.095312	0.38312	-0.37887	0.0041784	-0.0241	0.0029718	0.06677	0.010072	0.017864	0.0088606	-0.23096	0.0062613	0.08443	0.0058934	-0.18342	0.0037538	0.02209	0.0031613	0.29773	0.015273	-0.066566	0.013628
subfamily	L1PA4	L1	11615	9440	8115.8	1.2304	0.093538	0.38506	-0.36779	0.0041152	-0.03057	0.0028245	0.012979	0.0099081	-0.0065641	0.0085	-0.20959	0.006202	0.095194	0.0057963	-0.17083	0.0036897	0.023868	0.0030633	0.22257	0.015166	-0.10176	0.013304
subfamily	L1PA5	L1	11152	9129	7760.3	1.2216	0.080184	0.38764	-0.33597	0.0044928	-0.021335	0.0031007	0.021839	0.0098425	0.033976	0.0082915	-0.26725	0.0054448	0.025223	0.0049902	-0.18497	0.0034702	-0.0029702	0.002737	0.28908	0.014242	0.0087536	0.012122
subfamily	L1PA6	L1	5867	4770	3990.9	1.23	0.080503	0.39135	-0.30494	0.0063779	-0.018222	0.0045542	-0.082634	0.014811	-0.019392	0.012688	-0.22604	0.0089223	0.046024	0.0083034	-0.1497	0.0053813	0.011517	0.0044223	0.14341	0.022286	-0.065416	0.019425
subfamily	L1PA7	L1	12928	9660	7871	1.3383	0.089027	0.38317	-0.39535	0.0038627	-0.041244	0.0027342	0.11208	0.0093574	0.06773	0.0080905	-0.29144	0.0056052	0.022808	0.0052198	-0.21153	0.0033855	-0.0072125	0.0027471	0.40352	0.013929	0.044922	0.012185
subfamily	L1PA8	L1	8025	6275	3730.1	1.2789	0.085896	0.39226	-0.28573	0.0088113	-0.010925	0.0073663	-0.066759	0.016457	0.0071882	0.014532	-0.2284	0.0075638	0.039878	0.0069488	-0.15372	0.0047264	0.0039017	0.0038187	0.16164	0.022636	-0.03269	0.019954
subfamily	L1PA8A	L1	2432	1713	1269.8	1.4197	0.096906	0.38456	-0.38087	0.011976	-0.039459	0.0076998	0.11971	0.024833	0.091358	0.020782	-0.30532	0.014378	0.0023758	0.013419	-0.22253	0.0086228	-0.024843	0.0068359	0.42503	0.036907	0.088982	0.031786
subfamily	L1PB	L1	1662	1268	1029.2	1.3107	0.1112	0.38575	-0.327	0.013663	-0.002367	0.0090446	-0.077113	0.029335	-0.087946	0.023828	-0.22434	0.017444	0.07899	0.015723	-0.16388	0.011026	0.028749	0.0085849	0.14722	0.043779	-0.16694	0.036168
subfamily	L1PB1	L1	12896	7179	5175.1	1.7964	0.091238	0.38947	-0.30532	0.005788	-0.0045614	0.0037867	-0.035563	0.01225	0.0010045	0.010059	-0.26625	0.0064562	0.016154	0.005902	-0.17171	0.004118	0.00013331	0.0031813	0.23069	0.017411	-0.01515	0.014519
subfamily	L1PB2	L1	2797	1868	1347.2	1.4973	0.10064	0.39285	-0.26928	0.012181	0.0009085	0.0073342	-0.10453	0.025162	-0.022125	0.020258	-0.24083	0.013384	0.024422	0.012371	-0.15186	0.0084408	0.0025586	0.0063863	0.13629	0.035969	-0.046548	0.029889
subfamily	L1PB3	L1	3497	2214	1590.5	1.5795	0.10117	0.38904	-0.29358	0.011545	0.0089929	0.0078154	-0.093857	0.023621	-0.061266	0.020442	-0.23619	0.012432	0.048015	0.011828	-0.15179	0.007646	0.021985	0.0063524	0.14233	0.033614	-0.10928	0.029714
subfamily	L1PB4	L1	7388	5071	3654.4	1.4569	0.086965	0.38784	-0.31098	0.0075274	-0.00309	0.004414	-0.042594	0.0156	-0.028141	0.012279	-0.24102	0.0087636	0.051728	0.0077921	-0.16381	0.0054954	0.018429	0.0040265	0.19842	0.022915	-0.079869	0.018424
subfamily	L1PBa	L1	2121	1109	818.38	1.9125	0.13706	0.38668	-0.36953	0.014841	-0.042882	0.010787	0.011744	0.033485	0.015711	0.028092	-0.24488	0.019104	0.050031	0.017259	-0.1812	0.011459	0.003736	0.008974	0.25663	0.04936	-0.03432	0.041704
subfamily	L1PBa1	L1	481	319	247.98	1.5078	0.12226	0.39385	-0.33136	0.025891	-0.060417	0.017713	-0.046042	0.055657	0.058371	0.047523	-0.25724	0.031164	-0.0025916	0.028894	-0.16669	0.018176	-0.02274	0.014363	0.2112	0.081217	0.060963	0.070238
subfamily	L1PBb	L1	291	151	107.33	1.9272	0.15894	0.39203	-0.34899	0.039699	-0.06383	0.029029	0.12901	0.091531	0.20233	0.079311	-0.21462	0.052156	0.051692	0.050958	-0.17148	0.030738	-0.015781	0.027364	0.34363	0.13527	0.15064	0.12235
subfamily	L1PREC2	L1	7652	5101	3655.9	1.5001	0.10018	0.38729	-0.31835	0.007599	-0.00097574	0.0052941	-0.061712	0.01738	-0.051335	0.014341	-0.22115	0.009552	0.072495	0.0086828	-0.16124	0.0058209	0.021988	0.0045636	0.15944	0.025533	-0.12383	0.021489
subfamily	SVA_A	SVA	1053	984	929.43	1.0701	0.090447	0.43056	0.18191	0.020999	0.12018	0.012444	-0.7398	0.030131	-0.20742	0.023259	-0.070642	0.01524	0.017476	0.013519	0.057594	0.010537	0.029642	0.007266	-0.66916	0.041807	-0.2249	0.032605
subfamily	SVA_B	SVA	789	752	647.78	1.0492	0.079787	0.4269	0.11084	0.026742	0.082851	0.013351	-0.64004	0.036443	-0.13299	0.028162	-0.085436	0.017458	0.01293	0.016384	0.025096	0.011866	0.0091802	0.0083308	-0.5546	0.049594	-0.14592	0.039814
subfamily	SVA_C	SVA	428	393	341.76	1.0891	0.096692	0.43058	0.08731	0.027885	0.028623	0.020924	-0.74033	0.051665	-0.17643	0.04303	0.014154	0.041676	0.092063	0.038756	0.084693	0.023563	0.048419	0.01972	-0.75448	0.086149	-0.26849	0.073765
subfamily	SVA_D	SVA	1445	1311	1199.3	1.1022	0.095347	0.43694	0.18951	0.016448	0.073366	0.010988	-0.79201	0.025608	-0.15332	0.022013	-0.052183	0.013746	-0.0040217	0.012639	0.05973	0.0088385	-0.007398	0.006863	-0.73983	0.036107	-0.14929	0.031028
subfamily	SVA_E	SVA	659	601	558.92	1.0965	0.08985	0.43283	0.16392	0.024283	0.085566	0.015738	-0.73285	0.036256	-0.17803	0.029606	-0.062352	0.020604	0.015606	0.018187	0.048619	0.013232	0.010896	0.0094871	-0.6705	0.051958	-0.19364	0.041993
subfamily	SVA_F	SVA	944	761	637.44	1.2405	0.099869	0.44094	0.18666	0.022588	0.033565	0.014579	-0.74014	0.035191	-0.063257	0.02892	-0.058853	0.017776	-0.026365	0.016706	0.059725	0.01107	-0.023603	0.0085553	-0.68129	0.048363	-0.036892	0.040578
