subfamily	family	orientation	n_genes	n_copies	n_contacts	te_frac	ctl_exp_frac	z_gene	p_gene	q_gene	shift_mean	shift_sd	z_shift	p_shift	q_shift
L1PA2	L1	sense	335	841	2556	0.0743349	0.0278323	16.3713	1.5326e-60	4.81238e-58	0.0538509	0.0717924	0.285322	0.387699	0.999762
AluSc5	Alu	sense	1040	1556	4019	0.0415526	0.0265642	6.38489	8.57598e-11	1.34643e-08	0.0399102	0.0117175	0.14017	0.444263	0.999762
L1PA3	L1	antisense	415	1253	2884	0.0766297	0.0534335	6.21835	2.51202e-10	2.62924e-08	0.0474691	0.0256167	1.13835	0.127488	0.999762
SVA_D	SVA	antisense	82	146	325	0.0707692	0.0262653	5.50992	1.79498e-08	1.40906e-06	0.0385989	0.0248973	1.29212	0.0981572	0.999762
L1PA5	L1	antisense	570	1423	6899	0.0495724	0.038315	5.38411	3.64025e-08	2.28607e-06	0.0365579	0.0126096	1.03211	0.15101	0.999762
L1PA3	L1	sense	734	1840	7965	0.048462	0.0391206	4.64319	1.71532e-06	8.97684e-05	0.0381441	0.0218227	0.472808	0.318175	0.999762
AluYm1	Alu	sense	661	1096	2059	0.0437105	0.0290815	4.28259	9.23644e-06	0.00041432	0.0433843	0.0310864	0.0104957	0.495813	0.999762
L1PA2	L1	antisense	175	576	811	0.0517879	0.0297919	4.15504	1.62612e-05	0.000638253	0.0318574	0.0300421	0.663418	0.253531	0.999762
AluYa5	Alu	sense	256	842	538	0.0464684	0.0224689	4.02667	2.82864e-05	0.000986883	0.033706	0.017283	0.738439	0.230124	0.999762
SVA_F	SVA	sense	99	248	593	0.0455312	0.0245525	3.50604	0.000227416	0.00714087	0.0298411	0.0156231	1.00429	0.15762	0.999762
L1M4b	L1	sense	227	855	4797	0.0391912	0.0324442	2.77766	0.00273762	0.0781467	0.0378605	0.0472283	0.0281746	0.488761	0.999762
L1MA8	L1	antisense	521	1303	4108	0.0394352	0.03269	2.64028	0.00414194	0.108381	0.0354446	0.0234082	0.170479	0.432317	0.999762
L1PA4	L1	antisense	485	1370	5051	0.051475	0.0447135	2.60308	0.00461953	0.111579	0.0447326	0.0551125	0.122338	0.451316	0.999762
L1HS	L1	sense	104	270	732	0.0601093	0.0433294	2.47309	0.00669751	0.150216	0.0380655	0.0472092	0.46694	0.320271	0.999762
AluSx4	Alu	antisense	1374	2029	6082	0.0425847	0.0376243	2.24661	0.0123324	0.258157	0.0485213	0.0130134	-0.456196	0.675876	0.999762
L1MCb	L1	sense	82	191	1415	0.0586572	0.0469637	2.19477	0.0140901	0.276519	0.0436518	0.0269889	0.555985	0.28911	0.999762
AluSq4	Alu	antisense	269	356	984	0.0599593	0.0474774	2.01662	0.0218677	0.399967	0.057833	0.0202293	0.105111	0.458144	0.999762
AluYj4	Alu	sense	347	635	1000	0.037	0.0275436	1.99672	0.022928	0.399967	0.0532878	0.0207502	-0.784945	0.783757	0.999762
AluYa5	Alu	antisense	118	637	242	0.0371901	0.0207805	1.919	0.0274922	0.454345	0.0341283	0.0170236	0.179858	0.428632	0.999762
AluYk3	Alu	sense	148	256	410	0.0707317	0.0529773	1.87387	0.0304744	0.478449	0.0393607	0.0219975	1.42611	0.0769176	0.999762
L1P4a	L1	antisense	20	36	664	0.112952	0.0961604	1.66806	0.0476514	0.712502	0.0655136	0.0714381	0.664047	0.25333	0.999762
AluSq	Alu	antisense	2035	3209	9887	0.0441995	0.0411918	1.63249	0.0512884	0.732026	0.0464048	0.0134206	-0.164325	0.565262	0.999762
SVA_E	SVA	sense	61	159	270	0.0518519	0.0357613	1.57482	0.0576495	0.787041	0.0929194	0.0539441	-0.7613	0.776761	0.999762
AluY	Alu	sense	6667	25162	45609	0.0352562	0.0341486	1.42225	0.0774774	1	0.0409796	0.00499854	-1.145	0.873896	0.999762
L1P4	L1	antisense	183	391	1146	0.0401396	0.0335342	1.36364	0.0863408	1	0.0392908	0.0212138	0.0400115	0.484042	0.999762
L1PB	L1	antisense	81	166	437	0.0251716	0.0174582	1.30488	0.0959671	1	0.0303582	0.0244289	-0.212314	0.584069	0.999762
AluSc5	Alu	antisense	839	1283	3106	0.0389569	0.035211	1.22556	0.110182	1	0.0427569	0.0134585	-0.282349	0.611162	0.999762
AluYk4	Alu	sense	139	222	396	0.0479798	0.0380473	1.10931	0.133647	1	0.0442073	0.0179597	0.210051	0.416814	0.999762
AluYb8	Alu	antisense	126	532	246	0.0487805	0.0367831	1.07122	0.142036	1	0.032647	0.0222879	0.72387	0.234573	0.999762
Alu	Alu	sense	360	991	911	0.0439078	0.0379483	1.0153	0.154982	1	0.0400202	0.0150272	0.258702	0.397933	0.999762
Alu	Alu	antisense	276	835	529	0.0359168	0.0297103	0.938901	0.173891	1	0.0539647	0.0687202	-0.262628	0.603581	0.999762
L1M3b	L1	antisense	15	46	283	0.0353357	0.0275152	0.843939	0.199352	1	0.0236723	0.0284075	0.410574	0.340692	0.999762
L1ME3E	L1	antisense	231	656	2179	0.0647086	0.0621336	0.596892	0.27529	1	0.0444086	0.0272783	0.744181	0.228383	0.999762
L1MEg2	L1	antisense	20	53	237	0.021097	0.0164393	0.56748	0.285194	1	0.0144151	0.0190336	0.351061	0.362771	0.999762
AluSc8	Alu	sense	2905	5350	12931	0.0347228	0.0339937	0.50119	0.308119	1	0.0423969	0.00903436	-0.849435	0.80218	0.999762
L1MB3	L1	antisense	916	2375	8773	0.0273567	0.0266033	0.477436	0.316526	1	0.0315029	0.0448041	-0.0925421	0.536866	0.999762
AluYc	Alu	antisense	469	810	1589	0.0352423	0.0334051	0.436338	0.331296	1	0.0405805	0.0117884	-0.45284	0.674668	0.999762
L1M2c	L1	antisense	22	45	550	0.0418182	0.0385209	0.416107	0.338666	1	0.0397309	0.0189238	0.110296	0.456087	0.999762
AluYh3	Alu	antisense	269	432	928	0.0549569	0.0526255	0.358546	0.359967	1	0.0457574	0.0150426	0.611563	0.270414	0.999762
L1MEa	L1	antisense	18	51	229	0.0174672	0.0150456	0.303134	0.380894	1	0.0160168	0.0204941	0.0707761	0.471788	0.999762
L1MC5	L1	antisense	869	2020	5980	0.0354515	0.0348219	0.294847	0.384055	1	0.0404846	0.014927	-0.337182	0.63201	0.999762
AluSc	Alu	antisense	3303	6453	16317	0.0327266	0.0325239	0.159167	0.436769	1	0.0430942	0.00900998	-1.15068	0.875068	0.999762
L1ME5	L1	antisense	136	281	1020	0.0882353	0.0871342	0.141447	0.443758	1	0.0682477	0.0468451	0.426674	0.334808	0.999762
L1M4c	L1	antisense	99	313	2206	0.0825023	0.0817903	0.134677	0.446434	1	0.049917	0.0288241	1.13049	0.129135	0.999762
AluYf1	Alu	antisense	260	313	1005	0.0248756	0.0244255	0.0992971	0.460451	1	0.0372245	0.0235648	-0.524041	0.699875	0.999762
AluYe5	Alu	antisense	130	248	365	0.0438356	0.0436886	0.0151786	0.493945	1	0.0510734	0.0263957	-0.274203	0.608036	0.999762
AluYc	Alu	sense	558	1050	1516	0.0415567	0.0416629	-0.0230312	0.509187	1	0.0541355	0.0454757	-0.276605	0.608958	0.999762
L1M3de	L1	antisense	13	31	285	0.0140351	0.0143431	-0.0438771	0.517499	1	0.0136825	0.0192299	0.0183339	0.492686	0.999762
AluYc3	Alu	sense	90	139	271	0.0147601	0.0151207	-0.0507705	0.520246	1	0.0404093	0.0215812	-1.1885	0.882681	0.999762
L1M2a	L1	sense	40	132	1597	0.0118973	0.0120607	-0.0604426	0.524098	1	0.0142014	0.0234339	-0.0983243	0.539163	0.999762
L1M6B	L1	sense	77	177	381	0.0183727	0.0192884	-0.137648	0.554741	1	0.0210395	0.0193962	-0.137489	0.554678	0.999762
AluYk2	Alu	sense	111	183	287	0.0313589	0.0334256	-0.227249	0.589885	1	0.0492931	0.0231593	-0.774386	0.780649	0.999762
L1MEj	L1	antisense	130	317	1087	0.0266789	0.0277909	-0.243532	0.596203	1	0.0384276	0.0169285	-0.694019	0.756165	0.999762
AluSg7	Alu	antisense	1129	1650	4737	0.0358877	0.0365098	-0.253718	0.600143	1	0.0437493	0.0105273	-0.746781	0.772402	0.999762
AluYk3	Alu	antisense	154	209	478	0.0334728	0.0358597	-0.307541	0.620784	1	0.0317937	0.0148352	0.113186	0.454942	0.999762
L1P1	L1	antisense	181	375	832	0.0324519	0.0342994	-0.325827	0.627722	1	0.078127	0.0869572	-0.52526	0.700299	0.999762
L1PA8A	L1	antisense	161	290	1963	0.0163016	0.0171976	-0.327352	0.628299	1	0.0162435	0.0078055	0.0074421	0.497031	0.999762
AluYc3	Alu	antisense	71	96	233	0.0214592	0.0245839	-0.339877	0.633026	1	0.0315013	0.0406926	-0.246778	0.59746	0.999762
L1ME3F	L1	antisense	248	716	2072	0.0304054	0.0320939	-0.483695	0.685699	1	0.0504702	0.0352644	-0.568981	0.715315	0.999762
L1MCc	L1	sense	220	676	3672	0.0296841	0.0312785	-0.600232	0.725824	1	0.0284445	0.0108725	0.114013	0.454614	0.999762
L1M8	L1	antisense	90	205	1126	0.0337478	0.0372275	-0.692427	0.755665	1	0.0413702	0.0324477	-0.234913	0.592862	0.999762
AluYh3	Alu	sense	360	611	1018	0.0412574	0.0459964	-0.823462	0.794877	1	0.0411883	0.0367487	0.00187896	0.49925	0.999762
L1PBb	L1	sense	14	39	690	0.00434783	0.00739571	-0.877007	0.809759	1	0.00814131	0.00690002	-0.54978	0.708765	0.999762
AluYf1	Alu	sense	282	454	920	0.0478261	0.0537005	-0.87945	0.810421	1	0.0553382	0.0160314	-0.46859	0.680318	0.999762
L1PA16	L1	antisense	633	1371	8103	0.0485006	0.0507071	-1.03866	0.850518	1	0.047563	0.0241952	0.03875	0.484545	0.999762
L1P4d	L1	sense	7	17	393	0.109415	0.124406	-1.04154	0.851186	1	0.183663	0.0442442	-1.67815	0.953341	0.999762
AluYk4	Alu	antisense	128	176	383	0.0208877	0.0295316	-1.08656	0.861384	1	0.0406139	0.0259231	-0.760951	0.776657	0.999762
L1MEa	L1	sense	30	76	275	0.00363636	0.0116848	-1.25285	0.89487	1	0.0147787	0.0163379	-0.681994	0.752379	0.999762
L1PB3	L1	antisense	174	342	1987	0.0231505	0.0274004	-1.34791	0.911156	1	0.0226716	0.0122534	0.039085	0.484411	0.999762
AluSx3	Alu	antisense	3212	6273	16292	0.0371348	0.0390845	-1.40829	0.920478	1	0.0461256	0.00895535	-1.00396	0.842301	0.999762
AluYe5	Alu	sense	172	298	569	0.0351494	0.0460585	-1.51433	0.935029	1	0.0463241	0.0565271	-0.197688	0.578355	0.999762
L1MDa	L1	antisense	195	643	3659	0.0355288	0.0400198	-1.54076	0.938312	1	0.0367951	0.0149342	-0.0847885	0.533785	0.999762
L1M3e	L1	antisense	28	66	617	0.00972447	0.0181334	-1.57256	0.94209	1	0.0213521	0.024849	-0.467933	0.680084	0.999762
L1M4a1	L1	sense	226	587	2450	0.0183673	0.023003	-1.59283	0.944401	1	0.0254733	0.0154921	-0.458684	0.676769	0.999762
AluSq10	Alu	antisense	258	371	970	0.0329897	0.0424204	-1.63708	0.949194	1	0.061585	0.0469067	-0.60962	0.728943	0.999762
L1PBa1	L1	antisense	23	38	782	0.00511509	0.0113414	-1.69724	0.955174	1	0.0127745	0.0170463	-0.449329	0.673403	0.999762
AluSp	Alu	antisense	4455	9618	27418	0.0352688	0.0370516	-1.7008	0.95551	1	0.0481383	0.0266747	-0.482461	0.685261	0.999762
L1P4e	L1	sense	16	35	420	0.00714286	0.019097	-1.854	0.96813	1	0.0145503	0.0233279	-0.317537	0.624582	0.999762
L1MD3	L1	antisense	284	678	2294	0.0187446	0.0243645	-1.86587	0.96897	1	0.0339502	0.0196863	-0.772398	0.780061	0.999762
L1MD	L1	antisense	464	1106	2781	0.0208558	0.0260421	-1.87026	0.969276	1	0.0373075	0.0306102	-0.537456	0.704524	0.999762
L1M4a2	L1	sense	183	537	2414	0.023198	0.029393	-1.90026	0.9713	1	0.0317747	0.0180024	-0.476418	0.683112	0.999762
SVA_A	SVA	sense	108	228	720	0.0180556	0.0297164	-1.91412	0.972198	1	0.0312801	0.016176	-0.817543	0.793191	0.999762
L1MEg1	L1	sense	71	208	655	0.00610687	0.0151162	-1.92148	0.972664	1	0.014965	0.0148826	-0.5952	0.724145	0.999762
L1MA10	L1	sense	337	866	1999	0.030015	0.0370374	-1.94252	0.973963	1	0.0342386	0.0210788	-0.200371	0.579405	0.999762
L1MB5	L1	antisense	485	1128	4129	0.021797	0.0264312	-1.95686	0.974818	1	0.0307571	0.00967535	-0.92607	0.822795	0.999762
L1MB2	L1	antisense	430	1021	3915	0.0337165	0.039337	-1.96788	0.975459	1	0.0385679	0.0134971	-0.359441	0.640367	0.999762
AluYj4	Alu	antisense	395	674	1316	0.0167173	0.0247338	-1.96843	0.975491	1	0.031622	0.0258068	-0.577549	0.718216	0.999762
AluYk11	Alu	sense	93	271	204	0.0196078	0.0464187	-1.99064	0.97674	1	0.0403221	0.0224278	-0.923601	0.822153	0.999762
L1M3	L1	antisense	300	736	1854	0.0183387	0.0252721	-2.01112	0.977844	1	0.0391497	0.0185093	-1.12435	0.869569	0.999762
AluYk11	Alu	antisense	135	267	354	0.00847458	0.0244693	-2.02127	0.978374	1	0.0363576	0.0234099	-1.19108	0.883188	0.999762
AluYk2	Alu	antisense	96	134	365	0.00821918	0.0234838	-2.0315	0.978898	1	0.0297674	0.0229153	-0.940343	0.826479	0.999762
L1ME3F	L1	sense	375	1093	2949	0.0342489	0.0410533	-2.11858	0.982937	1	0.054457	0.0268466	-0.752727	0.774193	0.999762
AluSq10	Alu	sense	308	464	1179	0.0203562	0.030368	-2.20369	0.986227	1	0.0318138	0.0156432	-0.732433	0.768048	0.999762
AluYb8	Alu	sense	187	601	368	0.013587	0.0319823	-2.22855	0.987078	1	0.0453499	0.0206917	-1.53506	0.937615	0.999762
L1MB5	L1	sense	971	2883	10350	0.0214493	0.0246285	-2.22882	0.987087	1	0.0259417	0.00607614	-0.739353	0.770154	0.999762
L1M2b	L1	sense	18	30	493	0	0.0113029	-2.29393	0.989103	1	0.0119149	0.0105451	-1.12989	0.87074	0.999762
L1ME1	L1	antisense	1189	3643	15869	0.0320751	0.0352088	-2.38458	0.991451	1	0.0479265	0.0187949	-0.843388	0.800494	0.999762
L1MC2	L1	sense	595	1663	6887	0.0197474	0.0240867	-2.45333	0.992923	1	0.030963	0.017334	-0.647035	0.741195	0.999762
AluSq4	Alu	sense	355	446	1641	0.0432663	0.0560558	-2.45749	0.993004	1	0.0537377	0.0253504	-0.413066	0.660221	0.999762
L1PA12	L1	antisense	100	155	1282	0.00780031	0.0159003	-2.47032	0.99325	1	0.0220752	0.0196856	-0.72514	0.765817	0.999762
L1MA10	L1	antisense	256	600	1413	0.019816	0.029687	-2.47101	0.993263	1	0.0361252	0.0339504	-0.480384	0.684523	0.999762
L1P1	L1	sense	213	414	2023	0.0212556	0.0300088	-2.48579	0.993537	1	0.0515694	0.0384566	-0.788261	0.784728	0.999762
L1M7	L1	sense	226	665	1819	0.0219901	0.0306428	-2.48846	0.993585	1	0.0345455	0.0495176	-0.253554	0.60008	0.999762
AluSc8	Alu	antisense	2413	4127	11468	0.0355773	0.0397498	-2.54557	0.994545	1	0.0514893	0.0175455	-0.906902	0.817771	0.999762
L1MCc	L1	antisense	63	165	811	0.0197287	0.0341747	-2.59953	0.995332	1	0.0311968	0.0451798	-0.253832	0.600187	0.999762
L1MEg2	L1	sense	56	127	432	0.00462963	0.0224575	-2.61791	0.995577	1	0.0332659	0.0213533	-1.34107	0.910051	0.999762
L1M8	L1	sense	142	393	1113	0.0179695	0.0307956	-2.64014	0.995856	1	0.0477338	0.0185555	-1.60407	0.945651	0.999762
AluYm1	Alu	antisense	514	747	1899	0.0210637	0.0309581	-2.68316	0.996353	1	0.0362089	0.0225524	-0.671557	0.749067	0.999762
L1M4a2	L1	antisense	100	249	1237	0.0331447	0.0485698	-2.74246	0.996951	1	0.0529496	0.0527728	-0.375287	0.646276	0.999762
L1MEh	L1	antisense	88	206	820	0.0378049	0.0576637	-2.75274	0.997045	1	0.0443446	0.0283132	-0.230977	0.591334	0.999762
L1ME3C	L1	sense	332	882	2008	0.0328685	0.0440272	-2.76935	0.997192	1	0.0498785	0.0631433	-0.269387	0.606184	0.999762
AluSg	Alu	antisense	3733	7014	20764	0.0321711	0.0355268	-2.85467	0.997846	1	0.0485381	0.0177875	-0.92014	0.82125	0.999762
L1MB4	L1	antisense	459	1148	3650	0.019726	0.026705	-2.87019	0.997949	1	0.0415414	0.030115	-0.724402	0.765591	0.999762
L1MC	L1	antisense	401	941	2054	0.0136319	0.022422	-2.88133	0.99802	1	0.0295843	0.00962593	-1.65723	0.951263	0.999762
AluSx4	Alu	sense	1832	2821	8203	0.02877	0.0342359	-2.95257	0.998424	1	0.0422747	0.0177579	-0.760491	0.77652	0.999762
L1ME4c	L1	antisense	692	1617	2907	0.0171999	0.0252741	-2.99636	0.998634	1	0.0350966	0.0124886	-1.43305	0.924078	0.999762
L1M3f	L1	antisense	29	76	576	0	0.0151757	-3.0036	0.998666	1	0.0192433	0.0297631	-0.646549	0.741038	0.999762
L1PB4	L1	antisense	322	738	2787	0.0139935	0.0217791	-3.00698	0.998681	1	0.0239525	0.0145135	-0.686189	0.753703	0.999762
L1M6	L1	sense	392	1276	3150	0.0314286	0.0409502	-3.05082	0.998859	1	0.0428579	0.0208907	-0.547102	0.707846	0.999762
L1P3	L1	sense	274	470	3703	0.0151229	0.0220809	-3.15023	0.999184	1	0.0218553	0.0142918	-0.471068	0.681204	0.999762
L1M3c	L1	antisense	26	65	471	0.00849257	0.0323919	-3.16744	0.999231	1	0.0360557	0.0206023	-1.33787	0.90953	0.999762
L1ME3D	L1	antisense	193	523	1677	0.0166965	0.028929	-3.19923	0.999311	1	0.0361621	0.0271706	-0.716423	0.763135	0.999762
L1ME5	L1	sense	290	642	1609	0.0111871	0.0225175	-3.22595	0.999372	1	0.0258188	0.00916366	-1.59671	0.944835	0.999762
L1MDb	L1	sense	67	215	925	0.00216216	0.0141342	-3.22975	0.999381	1	0.0154973	0.0145954	-0.913654	0.819551	0.999762
AluSq2	Alu	antisense	5165	12026	35400	0.0329096	0.0358779	-3.28763	0.999495	1	0.0427687	0.0061673	-1.59861	0.945047	0.999762
AluSg4	Alu	antisense	957	1349	4039	0.0297103	0.0389075	-3.29563	0.999509	1	0.0478396	0.00951005	-1.90633	0.971696	0.999762
L1MA4	L1	antisense	461	1116	4811	0.030555	0.0392728	-3.43665	0.999706	1	0.0447166	0.0205493	-0.689154	0.754637	0.999762
AluSg4	Alu	sense	1184	1737	5149	0.0306856	0.0390869	-3.44518	0.999715	1	0.044006	0.00838217	-1.58914	0.943986	0.999762
L1M2a1	L1	sense	13	14	350	0.00285714	0.0332045	-3.45431	0.999724	1	0.0216356	0.0273397	-0.686857	0.753914	0.999762
AluSx1	Alu	antisense	7252	22775	72068	0.0341761	0.0364474	-3.52884	0.999791	1	0.0458094	0.0173169	-0.671791	0.749141	0.999762
L1M2	L1	sense	604	1697	10220	0.0204501	0.0259437	-3.65045	0.999869	1	0.0356181	0.0245026	-0.619038	0.732054	0.999762
L1M3c	L1	sense	43	102	775	0.00903226	0.0311276	-3.68166	0.999884	1	0.0302772	0.0275904	-0.770013	0.779354	0.999762
L1MCb	L1	antisense	41	104	458	0.00218341	0.0309874	-3.6881	0.999887	1	0.0373039	0.0366128	-0.959241	0.831281	0.999762
L1M3e	L1	sense	51	106	1312	0.0106707	0.0259637	-3.68833	0.999887	1	0.031182	0.0643674	-0.31866	0.625008	0.999762
L1ME3	L1	sense	823	2235	7186	0.0232396	0.0301542	-3.69037	0.999888	1	0.0338128	0.0255761	-0.4134	0.660343	0.999762
L1M3d	L1	sense	38	84	461	0.0021692	0.0293715	-3.78025	0.999922	1	0.0324522	0.0630283	-0.480467	0.684552	0.999762
AluSg7	Alu	sense	1405	2120	6041	0.030293	0.038812	-3.78642	0.999924	1	0.045245	0.0133374	-1.12106	0.868869	0.999762
SVA_A	SVA	antisense	114	229	443	0.0112867	0.0439862	-3.84849	0.999941	1	0.0344488	0.0214354	-1.08056	0.860053	0.999762
L1MA6	L1	sense	403	1048	4369	0.0169375	0.0251999	-3.85697	0.999943	1	0.0425386	0.0815007	-0.314121	0.623285	0.999762
L1P3	L1	antisense	220	403	2422	0.0161024	0.0288321	-3.91753	0.999955	1	0.0284803	0.0201866	-0.613175	0.73012	0.999762
L1M3d	L1	antisense	24	43	328	0	0.0348669	-3.92028	0.999956	1	0.0331755	0.0720994	-0.460135	0.67729	0.999762
L1M3a	L1	sense	58	148	997	0.00200602	0.0184191	-3.99411	0.999968	1	0.0213785	0.0327028	-0.592381	0.723202	0.999762
AluSq	Alu	sense	2982	5465	16846	0.0242788	0.029161	-4.04405	0.999974	1	0.041209	0.00960812	-1.76208	0.960972	0.999762
L1M3f	L1	sense	49	133	1206	0.00414594	0.0200105	-4.06154	0.999976	1	0.026267	0.0259921	-0.851068	0.802634	0.999762
L1MA4A	L1	antisense	252	606	3415	0.0146413	0.0248278	-4.09627	0.999979	1	0.0384241	0.0207053	-1.14864	0.874647	0.999762
L1PA15	L1	antisense	400	838	5991	0.0283759	0.0374731	-4.10778	0.99998	1	0.0408845	0.0217842	-0.574203	0.717085	0.999762
L1P2	L1	sense	130	218	2987	0.0210914	0.0339973	-4.11347	0.999981	1	0.0406098	0.0202858	-0.962173	0.832019	0.999762
L1MA5A	L1	antisense	165	367	1353	0.00960828	0.0267317	-4.11661	0.999981	1	0.0292722	0.0368522	-0.533589	0.703187	0.999762
L1P4	L1	sense	228	555	1868	0.00910064	0.022356	-4.12584	0.999982	1	0.0278421	0.0254589	-0.736147	0.769179	0.999762
AluSc	Alu	sense	3995	8439	21501	0.0286963	0.0333146	-4.14098	0.999983	1	0.0433971	0.0147993	-0.993339	0.839728	0.999762
L1M3b	L1	sense	23	54	641	0.0343214	0.0739072	-4.18155	0.999986	1	0.0558996	0.0228647	-0.943739	0.827348	0.999762
L1MCa	L1	antisense	182	594	3076	0.0282835	0.0410253	-4.19089	0.999986	1	0.0513096	0.0307085	-0.749827	0.773321	0.999762
L1MEb	L1	sense	164	379	1643	0.0133901	0.0299288	-4.24756	0.999989	1	0.0375112	0.0200162	-1.20508	0.885913	0.999762
L1PA14	L1	antisense	170	324	2398	0.0116764	0.0244655	-4.29597	0.999991	1	0.0296115	0.0384624	-0.466303	0.679501	0.999762
L1ME3E	L1	sense	387	1108	2961	0.0168862	0.0293728	-4.32752	0.999992	1	0.0326448	0.02343	-0.672583	0.749394	0.999762
L1PA6	L1	antisense	308	611	4955	0.0167508	0.0257006	-4.38184	0.999994	1	0.0347552	0.0502073	-0.358601	0.640053	0.999762
L1MEd	L1	antisense	868	2967	10490	0.0256435	0.0325846	-4.40303	0.999995	1	0.0368134	0.0133566	-0.836281	0.798502	0.999762
AluSg	Alu	sense	4379	9152	28440	0.0291842	0.033541	-4.43667	0.999995	1	0.0459366	0.0265189	-0.631714	0.736213	0.999762
L1PA7	L1	antisense	685	1467	12808	0.0465334	0.0542906	-4.44264	0.999996	1	0.0616739	0.0334314	-0.452881	0.674683	0.999762
L1PB	L1	sense	129	241	873	0.0114548	0.0377049	-4.46754	0.999996	1	0.0415082	0.0483486	-0.621599	0.732897	0.999762
L1PB2	L1	antisense	149	299	1432	0.00837989	0.0258131	-4.50209	0.999997	1	0.0332039	0.051301	-0.483889	0.685768	0.999762
L1MEi	L1	antisense	261	700	2566	0.0124708	0.0255118	-4.52889	0.999997	1	0.030355	0.0199403	-0.896889	0.815111	0.999762
L1MDb	L1	antisense	29	83	380	0.00263158	0.0444363	-4.52977	0.999997	1	0.0122481	0.0422493	-0.227614	0.590027	0.999762
L1MEj	L1	sense	195	465	1211	0.017341	0.0404043	-4.53113	0.999997	1	0.0584018	0.0295151	-1.39118	0.917914	0.999762
SVA_D	SVA	sense	332	437	2767	0.0216841	0.0364394	-4.53984	0.999997	1	0.0636916	0.032673	-1.28569	0.900725	0.999762
L1PBa1	L1	sense	43	76	1776	0.0140766	0.0344194	-4.5401	0.999997	1	0.0285131	0.0187164	-0.771327	0.779743	0.999762
L1PA17	L1	antisense	242	450	1727	0.0121598	0.0286227	-4.55822	0.999997	1	0.0476919	0.0254179	-1.39792	0.918931	0.999762
L1M3	L1	sense	507	1245	3279	0.0146386	0.0263039	-4.56772	0.999998	1	0.0335133	0.0150934	-1.25053	0.894447	0.999762
L1M4	L1	antisense	826	2388	7851	0.0222902	0.0306143	-4.66602	0.999998	1	0.0443524	0.0679244	-0.324806	0.627336	0.999762
L1PB1	L1	antisense	521	1337	8792	0.0269563	0.0356345	-4.74481	0.999999	1	0.0411815	0.0182666	-0.778754	0.781938	0.999762
SVA_C	SVA	sense	98	126	1230	0.0211382	0.0462583	-4.78136	0.999999	1	0.0486075	0.055708	-0.493095	0.689027	0.999762
AluSx	Alu	antisense	7133	22765	67708	0.0327879	0.0359728	-4.81973	0.999999	1	0.0454526	0.0168331	-0.752371	0.774086	0.999762
L1MEh	L1	sense	181	469	1499	0.0106738	0.0314999	-4.84283	0.999999	1	0.0335874	0.0161266	-1.42086	0.922321	0.999762
L1ME3D	L1	sense	374	1087	2778	0.0115191	0.0248016	-4.88224	0.999999	1	0.0265812	0.00787827	-1.91186	0.972053	0.999762
L1PA8	L1	antisense	451	911	3938	0.0218385	0.0345889	-4.88452	0.999999	1	0.0382487	0.027253	-0.602144	0.726461	0.999762
L1ME2z	L1	antisense	339	913	2498	0.0140112	0.0293387	-4.95918	1	1	0.0350844	0.0212899	-0.989825	0.83887	0.999762
L1M7	L1	antisense	154	378	1610	0.0409938	0.0671945	-4.96097	1	1	0.0762465	0.0493011	-0.715049	0.762711	0.999762
L1PA15-16	L1	antisense	42	100	919	0.0054407	0.0346366	-5.06611	1	1	0.0355003	0.0353021	-0.851496	0.802753	0.999762
L1ME3C	L1	antisense	224	509	1559	0.0173188	0.0402792	-5.1026	1	1	0.0407818	0.014745	-1.59126	0.944224	0.999762
L1MC2	L1	antisense	242	678	2680	0.0164179	0.0322946	-5.13588	1	1	0.0526784	0.0455017	-0.796904	0.787247	0.999762
L1PA11	L1	antisense	268	444	3154	0.0196576	0.0350584	-5.17342	1	1	0.0314579	0.0405636	-0.290908	0.614439	0.999762
L1MA1	L1	antisense	139	350	1454	0.0103164	0.0345896	-5.24221	1	1	0.0380857	0.0243823	-1.13891	0.87263	0.999762
L1PB2	L1	sense	305	568	3637	0.0219962	0.0367937	-5.25059	1	1	0.034141	0.0130593	-0.929976	0.823808	0.999762
L1PB3	L1	sense	321	675	4349	0.00735801	0.0173905	-5.28365	1	1	0.0284305	0.0219539	-0.959851	0.831435	0.999762
L1ME4c	L1	sense	1052	2498	4639	0.0107782	0.0211555	-5.3135	1	1	0.0335214	0.0282679	-0.80456	0.789463	0.999762
L1ME3G	L1	antisense	973	2513	5389	0.0174429	0.0291202	-5.41432	1	1	0.0368131	0.0108143	-1.79117	0.963367	0.999762
L1M6	L1	antisense	253	721	2163	0.011558	0.027207	-5.41611	1	1	0.036956	0.0700415	-0.362613	0.641553	0.999762
L1MEg1	L1	antisense	23	58	283	0.024735	0.0910133	-5.41959	1	1	0.17263	0.136203	-1.08584	0.861224	0.999762
L1ME3B	L1	antisense	373	1210	4182	0.0148254	0.0276106	-5.43389	1	1	0.0445637	0.021336	-1.39381	0.918312	0.999762
AluSx3	Alu	sense	3877	7963	23159	0.0294486	0.0354961	-5.44046	1	1	0.0398295	0.00519886	-1.99677	0.977075	0.999762
L1MA7	L1	antisense	445	1055	3416	0.0237119	0.0396806	-5.51288	1	1	0.0515668	0.0482116	-0.577763	0.718288	0.999762
L1ME4b	L1	antisense	1404	3395	8423	0.0263564	0.0365994	-5.54157	1	1	0.0429025	0.0466771	-0.35448	0.63851	0.999762
L1ME2z	L1	sense	696	2159	5374	0.011537	0.0215242	-5.54763	1	1	0.0304509	0.0249362	-0.758489	0.775921	0.999762
L1MD1	L1	sense	492	1712	8465	0.0160662	0.0250918	-5.6461	1	1	0.0281819	0.0106013	-1.14285	0.87345	0.999762
L1MEi	L1	sense	339	969	2672	0.00748503	0.0226133	-5.65597	1	1	0.0354572	0.0172577	-1.62086	0.947476	0.999762
L1MEb	L1	antisense	84	210	823	0.00243013	0.0365349	-5.69069	1	1	0.0350737	0.0335145	-0.974011	0.834975	0.999762
L1ME2	L1	antisense	518	1402	5431	0.0117842	0.0232294	-5.90935	1	1	0.029363	0.006776	-2.59427	0.99526	0.999762
L1M2a	L1	antisense	10	32	388	0.0180412	0.0859272	-5.91918	1	1	0.0441695	0.122369	-0.21352	0.584539	0.999762
L1ME3A	L1	antisense	659	1643	5982	0.0165496	0.0277557	-5.99482	1	1	0.0334986	0.0535718	-0.316378	0.624142	0.999762
L1MD	L1	sense	768	1967	4601	0.0171702	0.0318359	-6.05721	1	1	0.0361055	0.0128374	-1.47502	0.929896	0.999762
L1P2	L1	antisense	91	164	1660	0.0186747	0.0463121	-6.09982	1	1	0.0746808	0.0845137	-0.662686	0.746234	0.999762
L1MEc	L1	antisense	503	1663	9075	0.0252342	0.0361037	-6.13556	1	1	0.0389614	0.0148807	-0.922485	0.821862	0.999762
L1MD3	L1	sense	499	1279	3506	0.00884199	0.0236011	-6.1556	1	1	0.0274641	0.0107839	-1.72685	0.957903	0.999762
L1ME3Cz	L1	antisense	718	1846	4847	0.0231071	0.0386082	-6.25302	1	1	0.0480118	0.0162677	-1.53093	0.937106	0.999762
AluSq2	Alu	sense	5667	14473	45659	0.0290414	0.0339856	-6.32704	1	1	0.0444054	0.0204991	-0.749499	0.773222	0.999762
L1MA6	L1	antisense	247	550	2476	0.0290792	0.0558778	-6.35253	1	1	0.0567244	0.0574669	-0.481065	0.684765	0.999762
L1PA15-16	L1	sense	67	160	2252	0.00044405	0.0179769	-6.3934	1	1	0.0277644	0.0229816	-1.18879	0.882739	0.999762
L1ME2	L1	sense	944	2988	9998	0.0171034	0.0268434	-6.43292	1	1	0.033383	0.0237774	-0.684668	0.753223	0.999762
L1ME3Cz	L1	sense	1059	3079	6469	0.0174679	0.0302046	-6.47997	1	1	0.0334045	0.0139889	-1.13924	0.872698	0.999762
L1MA2	L1	antisense	255	737	4732	0.0243026	0.0417682	-6.561	1	1	0.0426937	0.0317869	-0.578573	0.718561	0.999762
L1ME3	L1	antisense	431	1056	3989	0.0235648	0.0422045	-6.58362	1	1	0.0447128	0.0171124	-1.23583	0.891739	0.999762
L1M5	L1	antisense	2353	7743	16836	0.026966	0.0355604	-6.75311	1	1	0.0449443	0.0121413	-1.48075	0.930663	0.999762
L1P4a	L1	sense	28	59	872	0.00344037	0.0453909	-6.75465	1	1	0.0549045	0.0940916	-0.546958	0.707796	0.999762
L1M3de	L1	sense	24	62	767	0.0260756	0.088695	-6.77695	1	1	0.0801307	0.0783115	-0.690257	0.754984	0.999762
L1M4a1	L1	antisense	110	295	1462	0.00478796	0.0326304	-6.87485	1	1	0.0542695	0.0632834	-0.781905	0.782865	0.999762
L1PBa	L1	antisense	73	160	2089	0.0119674	0.0382481	-6.89104	1	1	0.0455029	0.0469915	-0.71365	0.762278	0.999762
L1ME4b	L1	sense	2219	6329	13482	0.0189141	0.0279406	-6.90819	1	1	0.0371608	0.0104672	-1.74322	0.959352	0.999762
L1MC4a	L1	antisense	548	1396	5186	0.014462	0.0293376	-6.94875	1	1	0.0383743	0.0173814	-1.37574	0.915549	0.999762
L1MD2	L1	antisense	521	1449	5940	0.0138047	0.0266347	-6.98044	1	1	0.0363675	0.0751289	-0.30032	0.618034	0.999762
L1ME4a	L1	antisense	1656	5394	8431	0.0214684	0.0338897	-6.9937	1	1	0.0445391	0.0101416	-2.27487	0.988543	0.999762
L1PREC2	L1	antisense	428	840	5279	0.0193218	0.0356364	-7.01789	1	1	0.0427747	0.0184833	-1.26887	0.897756	0.999762
L1MA3	L1	antisense	312	984	7642	0.0239466	0.0383145	-7.0634	1	1	0.0633607	0.0441906	-0.891911	0.81378	0.999762
L1MB1	L1	sense	397	1156	4116	0.00680272	0.0215928	-7.17418	1	1	0.0332058	0.0377949	-0.698588	0.757595	0.999762
L1MA5	L1	sense	405	1009	5260	0.0220532	0.0400089	-7.19291	1	1	0.0442856	0.0417268	-0.532808	0.702917	0.999762
L1M4b	L1	antisense	113	382	2194	0.00455789	0.0287419	-7.19875	1	1	0.0327016	0.0314213	-0.895689	0.814791	0.999762
L1MC5a	L1	antisense	913	2191	6242	0.0200256	0.035371	-7.21068	1	1	0.0485269	0.0225933	-1.26149	0.896434	0.999762
L1MC1	L1	antisense	502	1234	6548	0.0181735	0.0330292	-7.2869	1	1	0.0459365	0.0190491	-1.45744	0.927503	0.999762
L1MB1	L1	antisense	238	643	2266	0.00838482	0.0330938	-7.30632	1	1	0.0426222	0.0412654	-0.829687	0.796642	0.999762
L1MA9	L1	sense	919	2914	10204	0.0164641	0.0275701	-7.3462	1	1	0.0347414	0.0162373	-1.12564	0.86984	0.999762
L1PB4	L1	sense	655	1493	6392	0.0111076	0.0247586	-7.39867	1	1	0.0336232	0.0163976	-1.37311	0.91514	0.999762
L1MC3	L1	antisense	442	1058	5513	0.0110648	0.0250354	-7.43629	1	1	0.0400978	0.0300232	-0.967019	0.833233	0.999762
L1MC4	L1	antisense	1020	2868	9286	0.0312298	0.0453678	-7.44476	1	1	0.0583604	0.0322804	-0.840468	0.799677	0.999762
L1MEg	L1	antisense	438	1483	5566	0.0177866	0.0343156	-7.51767	1	1	0.0408985	0.0180955	-1.27722	0.899238	0.999762
L1MA5	L1	antisense	212	450	2286	0.0275591	0.0557667	-7.59981	1	1	0.0871326	0.112983	-0.527278	0.701	0.999762
L1M2c	L1	sense	37	84	1691	0.00946186	0.0459035	-7.62315	1	1	0.0597274	0.041175	-1.22078	0.888915	0.999762
L1MD1	L1	antisense	218	659	3280	0.0140244	0.0354162	-7.62885	1	1	0.0515946	0.0674034	-0.557394	0.711371	0.999762
L1PA12	L1	sense	142	226	2246	0.0106857	0.0368081	-7.62981	1	1	0.0368805	0.0712271	-0.367765	0.643476	0.999762
L1MA1	L1	sense	288	723	4667	0.00921363	0.0252437	-7.6519	1	1	0.0403102	0.0452087	-0.687844	0.754224	0.999762
L1ME3B	L1	sense	620	1975	5143	0.0147774	0.0317163	-7.81295	1	1	0.0359142	0.0248094	-0.851968	0.802884	0.999762
L1PA10	L1	antisense	460	823	5665	0.0150044	0.0311813	-7.83124	1	1	0.0369249	0.018516	-1.18387	0.881767	0.999762
L1MA5A	L1	sense	345	788	4269	0.0128836	0.0329852	-7.90968	1	1	0.0377217	0.0368282	-0.674432	0.749982	0.999762
L1MC	L1	sense	706	1765	3456	0.00868056	0.0293512	-7.91763	1	1	0.0374983	0.0574645	-0.501487	0.691986	0.999762
L1PA5	L1	sense	1051	2167	17338	0.0283193	0.0386086	-7.97802	1	1	0.0430611	0.0139247	-1.05868	0.855128	0.999762
L1ME3G	L1	sense	1618	4477	8474	0.0167571	0.0301599	-7.98405	1	1	0.0378281	0.0414795	-0.507986	0.694268	0.999762
L1PA4	L1	sense	865	2034	12619	0.0228227	0.0347197	-8.13815	1	1	0.0463069	0.0419782	-0.559438	0.712069	0.999762
AluJo	Alu	antisense	6012	16826	58367	0.0290575	0.0347758	-8.1809	1	1	0.0436729	0.00980577	-1.49048	0.931951	0.999762
L1PBa	L1	sense	133	286	4482	0.00446229	0.020839	-8.34683	1	1	0.0335286	0.0374378	-0.776389	0.78124	0.999762
L1MB2	L1	sense	913	2647	7985	0.0142768	0.0289847	-8.36243	1	1	0.0347224	0.0140864	-1.45144	0.926671	0.999762
AluSz6	Alu	sense	5250	12864	41407	0.0282561	0.0351941	-8.38553	1	1	0.0448831	0.0228149	-0.728779	0.766932	0.999762
AluSz	Alu	antisense	6908	20699	67088	0.0294688	0.0349495	-8.40959	1	1	0.0455227	0.0151942	-1.05658	0.854648	0.999762
AluSp	Alu	sense	5328	12716	40238	0.0287291	0.0359522	-8.51885	1	1	0.0474368	0.0118502	-1.57868	0.942795	0.999762
L1MDa	L1	sense	400	1381	7181	0.011419	0.0260757	-8.60789	1	1	0.0289912	0.0171603	-1.024	0.847083	0.999762
SVA_B	SVA	sense	150	221	1734	0.00519031	0.0355941	-8.64961	1	1	0.0379458	0.105952	-0.309155	0.621398	0.999762
L1MB8	L1	antisense	865	2231	9586	0.0183601	0.0334759	-8.99176	1	1	0.0396558	0.0176703	-1.20517	0.885931	0.999762
AluSz6	Alu	antisense	4486	9840	31197	0.0298426	0.0387552	-9.00403	1	1	0.0505861	0.0360884	-0.574796	0.717285	0.999762
L1MA2	L1	sense	548	1600	11112	0.0169186	0.0304438	-9.15464	1	1	0.040614	0.0456694	-0.518844	0.698065	0.999762
AluSx	Alu	sense	7885	29991	93962	0.0284583	0.033432	-9.19957	1	1	0.0438796	0.0132739	-1.16178	0.877337	0.999762
L1ME4a	L1	sense	2756	10233	15104	0.0155588	0.0268312	-9.30345	1	1	0.0377391	0.0319153	-0.694972	0.756464	0.999762
L1M4c	L1	sense	202	782	3493	0.0103063	0.0378644	-9.31931	1	1	0.0424073	0.030082	-1.06712	0.857041	0.999762
L1MEf	L1	antisense	357	1279	5803	0.0101672	0.0289089	-9.45626	1	1	0.0421275	0.0332132	-0.962279	0.832045	0.999762
L1MB7	L1	antisense	1126	3153	12659	0.016194	0.0293234	-9.45782	1	1	0.0367596	0.0123843	-1.66062	0.951606	0.999762
L1M2	L1	antisense	340	898	3265	0.0199081	0.0526764	-9.46094	1	1	0.0613656	0.0260342	-1.59242	0.944355	0.999762
L1PA8A	L1	sense	233	410	4440	0.00675676	0.026426	-9.48593	1	1	0.0554539	0.0673575	-0.722965	0.765149	0.999762
L1MA9	L1	antisense	657	1775	5785	0.0127917	0.0327165	-9.58165	1	1	0.0371663	0.018785	-1.29756	0.90278	0.999762
L1PA13	L1	sense	705	1384	10785	0.0183588	0.0337738	-9.68487	1	1	0.0428986	0.0312553	-0.785139	0.783814	0.999762
L1MC5	L1	sense	1673	4865	12230	0.0187244	0.0332542	-9.86371	1	1	0.0401718	0.00930827	-2.30412	0.989392	0.999762
L1MB4	L1	sense	877	2634	8131	0.0127906	0.029914	-9.93306	1	1	0.0550946	0.0885433	-0.477778	0.683596	0.999762
L1PA13	L1	antisense	468	915	5965	0.0144174	0.0369559	-9.94045	1	1	0.0429838	0.0608079	-0.469781	0.680744	0.999762
L1MA8	L1	sense	773	2122	7084	0.00776398	0.0244968	-9.95249	1	1	0.0302093	0.0217413	-1.03238	0.849053	0.999762
L1MD2	L1	sense	877	2478	9179	0.0124197	0.028304	-9.96573	1	1	0.0414161	0.0254991	-1.13715	0.872263	0.999762
L1MEd	L1	sense	1216	4960	12680	0.017429	0.031962	-10.0351	1	1	0.0435389	0.015475	-1.68723	0.95422	0.999762
L1MA7	L1	sense	557	1492	5096	0.0129513	0.0368853	-10.1192	1	1	0.0489653	0.0341434	-1.05479	0.854238	0.999762
L1MC3	L1	sense	830	2276	10309	0.00989427	0.024553	-10.2747	1	1	0.0339731	0.0197613	-1.21849	0.88848	0.999762
L1MC4a	L1	sense	1044	3049	9639	0.00850711	0.0233771	-10.3598	1	1	0.0303655	0.0101727	-2.14874	0.984172	0.999762
L1MA4A	L1	sense	470	1305	10255	0.0160897	0.0328825	-10.4046	1	1	0.0371707	0.0136436	-1.54512	0.938842	0.999762
L1PA8	L1	sense	739	1403	9161	0.0121166	0.0293193	-10.4357	1	1	0.0425301	0.0225656	-1.34778	0.911136	0.999762
L1MEg	L1	sense	773	2955	9605	0.0134305	0.0295629	-10.4399	1	1	0.0452725	0.0436121	-0.730119	0.767341	0.999762
AluY	Alu	antisense	6626	19808	53924	0.0272606	0.0348573	-10.4837	1	1	0.0461943	0.0149394	-1.26737	0.897488	0.999762
L1MCa	L1	sense	361	1394	6515	0.00966999	0.0297322	-10.4956	1	1	0.0394149	0.0237194	-1.25403	0.895085	0.999762
L1MEf	L1	sense	697	2853	10805	0.00999537	0.0247462	-10.5437	1	1	0.0316235	0.013817	-1.56532	0.941246	0.999762
L1MB3	L1	sense	1723	4974	16509	0.0168393	0.0304232	-10.6198	1	1	0.0367645	0.0124335	-1.60254	0.945482	0.999762
L1MC5a	L1	sense	1804	5301	13077	0.0142234	0.0285441	-10.7029	1	1	0.0353112	0.00954756	-2.20871	0.986402	0.999762
L1MC1	L1	sense	1072	2931	13288	0.0136213	0.0275047	-10.7364	1	1	0.0352033	0.0137363	-1.57116	0.941927	0.999762
AluJr4	Alu	antisense	2551	4516	17201	0.0217429	0.0354406	-10.7719	1	1	0.0444957	0.0168277	-1.35211	0.911829	0.999762
L1MC4	L1	sense	2203	7548	21457	0.0178497	0.0293888	-10.7866	1	1	0.0331672	0.00536124	-2.85709	0.997862	0.999762
AluSz	Alu	sense	7495	26427	85157	0.0258933	0.0319408	-10.9028	1	1	0.0414214	0.012964	-1.19778	0.884498	0.999762
L1PREC2	L1	sense	610	1289	10157	0.0126021	0.0299628	-11.0196	1	1	0.0402636	0.0211904	-1.30538	0.904118	0.999762
AluJr4	Alu	sense	2845	5351	17943	0.0195619	0.0327979	-11.0563	1	1	0.0422369	0.0369772	-0.613215	0.730133	0.999762
AluSx1	Alu	sense	7982	29406	93231	0.0270082	0.0330232	-11.2098	1	1	0.0427443	0.0154844	-1.01626	0.845247	0.999762
L1MB7	L1	sense	2172	7340	25447	0.0162691	0.0268449	-11.2238	1	1	0.0368845	0.00777201	-2.65252	0.996005	0.999762
L1M5	L1	sense	3176	11919	21903	0.0171666	0.0288485	-11.3558	1	1	0.0378145	0.0254173	-0.812358	0.791707	0.999762
L1PA10	L1	sense	645	1216	10087	0.00921979	0.0267679	-11.6894	1	1	0.0309095	0.0178544	-1.21481	0.887781	0.999762
L1MB8	L1	sense	1607	4949	16288	0.0161469	0.0302793	-11.7797	1	1	0.0293966	0.0132125	-1.00282	0.842026	0.999762
AluJr	Alu	antisense	6343	18588	69230	0.0282825	0.0360381	-11.9729	1	1	0.0408614	0.0049655	-2.53325	0.99435	0.999762
L1MA3	L1	sense	636	1891	15694	0.0226201	0.039696	-12.0412	1	1	0.058956	0.0753504	-0.482226	0.685177	0.999762
L1ME3A	L1	sense	1345	3783	11660	0.0135506	0.0307715	-12.1315	1	1	0.0362366	0.00833061	-2.72321	0.996767	0.999762
L1M1	L1	antisense	263	702	5104	0.00920846	0.0400016	-12.3075	1	1	0.0641596	0.0569995	-0.964063	0.832493	0.999762
L1MEc	L1	sense	1155	4433	18341	0.0165749	0.0321212	-12.9037	1	1	0.0409476	0.00921587	-2.64464	0.995911	0.999762
L1PA15	L1	sense	630	1416	12815	0.0112368	0.0290157	-12.9391	1	1	0.0361365	0.0172681	-1.44195	0.925341	0.999762
L1PA17	L1	sense	483	948	6907	0.00868684	0.035691	-13.1635	1	1	0.0501031	0.0423552	-0.977831	0.835921	0.999762
L1MA4	L1	sense	788	2159	11233	0.0108609	0.030507	-13.1697	1	1	0.0486611	0.0812677	-0.465132	0.679082	0.999762
L1PA6	L1	sense	652	1182	16168	0.0170708	0.0341651	-13.3242	1	1	0.0486571	0.0232446	-1.35887	0.912906	0.999762
L1PA14	L1	sense	298	505	5974	0.0182457	0.0543658	-13.5712	1	1	0.0644365	0.0402535	-1.1475	0.874412	0.999762
L1PB1	L1	sense	943	2443	22799	0.0146498	0.0288988	-13.7489	1	1	0.0325018	0.00914898	-1.95126	0.974487	0.999762
L1M4	L1	sense	1427	4866	16777	0.0133516	0.0306934	-14.1547	1	1	0.0389019	0.0105909	-2.41248	0.992078	0.999762
L1PA7	L1	sense	1048	2333	29605	0.0189495	0.0326734	-14.2199	1	1	0.04083	0.0141616	-1.54506	0.938835	0.999762
L1PA11	L1	sense	492	840	7951	0.0111936	0.0416311	-15.8476	1	1	0.139027	0.109392	-1.16858	0.878714	0.999762
AluJb	Alu	antisense	7709	27315	100000	0.02743	0.0363734	-16.4315	1	1	0.0471948	0.014307	-1.38148	0.916435	0.999762
L1ME1	L1	sense	2082	7910	29614	0.0106369	0.0244961	-16.5041	1	1	0.0314561	0.00879106	-2.36823	0.991063	0.999762
AluJo	Alu	sense	6348	19527	67531	0.0212939	0.0316653	-16.6825	1	1	0.0406193	0.00942652	-2.0501	0.979823	0.999762
L1PA16	L1	sense	1052	2536	20621	0.00897144	0.0267967	-17.2299	1	1	0.0326029	0.0131986	-1.79045	0.963309	0.999762
AluJr	Alu	sense	6448	20453	69844	0.0216196	0.0325588	-17.7137	1	1	0.0432114	0.0187084	-1.15412	0.875775	0.999762
AluJb	Alu	sense	7974	31427	121031	0.0231594	0.0328893	-20.5708	1	1	0.0416648	0.00529713	-3.49349	0.999762	0.999762
L1M1	L1	sense	505	1622	16039	0.0163975	0.0504536	-22.3003	1	1	0.102463	0.0381319	-2.25705	0.987998	0.999762
