subfamily	orientation	family	baseMean	log2FoldChange	lfcSE	pvalue	padj
L1PBb	antisense	L1	25.2910648988899	5.55100242368236	1.51800965943025	0.000255419764436981	0.000591314249176024
L1M2b	sense	L1	27.4260465632696	5.25188614658017	1.54999666993985	0.000703219320740351	0.00110772600966179
L1M3f	sense	L1	19.0966502939756	4.72953600445274	1.6136637487832	0.00337948577191924	0.00493072514263627
L1M3b	sense	L1	43.8024677000611	4.46297844318123	1.41463690786176	0.00160576286481711	0.00244295546955082
L1M2a1	sense	L1	179.015427060795	4.24902430202173	1.19161519056536	0.000362791061798851	0.00057657865178746
L1MEg1	sense	L1	33.0123790171548	4.03903620866671	1.42781089190025	0.00467183114686483	0.00670633825920919
L1MEa	sense	L1	9.41021395036837	3.70851782084205	1.84757985508528	0.0447251724293919	0.0585373580325864
L1PA11	sense	L1	811.839246507421	3.66357302699674	0.772351991062949	2.10162601721862e-06	3.81723909249912e-06
L1M3d	antisense	L1	17.3786643086584	3.41093105374964	1.47059504490146	0.0203721455239841	0.0362409746689822
L1P4e	antisense	L1	5.3639849837551	3.31414428269526	1.79605328700547	0.0650030458210506	0.0998683158523413
L1PB	sense	L1	104.768063361081	3.30219711233012	0.69700589087519	2.16169263323348e-06	3.88667968399555e-06
L1M2c	sense	L1	128.652459132395	3.2974042881573	1.46371561287886	0.0242741000285502	0.0324871413915935
L1P	antisense	L1	5.1478447364749	3.25519480404669	1.83754268875893	0.0764786839360492	0.11337629460695
L1P4a	sense	L1	118.645851706887	3.24670286055516	0.633902355211593	3.02678933245773e-07	5.85617936062473e-07
L1MA4A	sense	L1	1609.44498517408	3.16961297196102	0.318008475688044	2.12400807719521e-23	6.40802436848725e-23
L1M	antisense	L1	4.05594279572836	2.90949116824164	2.04907606816539	0.155635650773995	0.208749404609565
L1MA6	sense	L1	193.765955349874	2.83435613060218	0.477186265384765	2.85497154779107e-09	6.12271006634712e-09
L1M4a1	antisense	L1	47.5841194230219	2.80773392813891	0.818504219405672	0.0006028629330149	0.00135845114239357
L1MEg2	sense	L1	16.0094012521304	2.77920664767099	1.53372407989368	0.0699762621188087	0.0889698189796282
L1ME3D	sense	L1	222.393708397532	2.75540797402953	0.415799107366542	3.43095267515152e-11	7.93129319710352e-11
L1PA6	sense	L1	2192.70383902806	2.74418369304153	0.277826806768014	5.22116515671408e-23	1.54894566315851e-22
L1PBa	sense	L1	501.427934155314	2.67605733353447	0.519228287417154	2.55106560138868e-07	5.04544085607984e-07
L1PA8A	sense	L1	322.693548707772	2.64401553706373	0.359366734382285	1.87484880358714e-13	4.70032516955648e-13
L1MA4	sense	L1	1384.11508962817	2.58021666243354	0.171124874860613	2.26096152474954e-51	9.14661707739585e-51
L1PA16	sense	L1	2420.00954572178	2.55179491355562	0.333581606343198	2.01468928210421e-14	5.12306703163642e-14
L1PA7	antisense	L1	1181.21370761418	2.49371367597747	0.176627918268571	2.92321760676761e-45	1.64674591847909e-43
L1M2c	antisense	L1	9.08519921616162	2.46034667844024	1.5501036209555	0.112464110567665	0.159717938537272
L1PA11	antisense	L1	215.512877366445	2.43099106249148	0.804167715012328	0.00250290409381684	0.00503560466494102
L1PA8A	antisense	L1	186.52881266668	2.38250694965188	0.365961315474044	7.50158787741542e-11	3.25068808021335e-10
L1M3e	antisense	L1	17.9202225692081	2.37322576647382	1.14775345713245	0.0386669349342072	0.0634438058629226
L1P4	antisense	L1	129.743756888349	2.34756019294878	0.439687336697831	9.33792025726427e-08	3.28772609057846e-07
L1MEg	sense	L1	1187.10556259618	2.31816425907758	0.16666640243779	5.58489669340017e-44	2.1611121987505e-43
L1M1	sense	L1	1934.61354897148	2.29759007165741	0.150701804585545	1.75204024721001e-52	7.25263172100887e-52
L1PA14	sense	L1	550.659773324147	2.29347235997457	0.436405509851494	1.47727290898733e-07	2.98812020226983e-07
L1PB4	sense	L1	280.400264339746	2.27823462701397	0.349587990301073	7.17688745009868e-11	1.61707084318679e-10
L1M3a	sense	L1	10.3065684591509	2.20788363144064	1.55716183206181	0.156222987152126	0.187889808872151
L1PA15	sense	L1	772.478792713361	2.18951242146344	0.228274776884238	8.67586759630077e-22	2.53164661006809e-21
L1P4d	antisense	L1	2.42201164688351	2.16815789020696	2.36881104055442	0.360037450434563	0.431534249102419
L1MA7	antisense	L1	315.644756480151	2.15918886820612	0.284694737792656	3.3448100417396e-14	2.35530373772497e-13
L1PA3	sense	L1	2406.90224504939	2.11797242441412	0.367724581747103	8.42782928869904e-09	1.76488660398639e-08
L1MA1	antisense	L1	675.500106749268	2.08624499125515	0.204135300089566	1.61485876744961e-24	3.03234590776649e-23
L1PB3	sense	L1	222.036183608111	2.07401487030379	0.376521465939134	3.62197103947483e-08	7.41046948306344e-08
L1PA13	sense	L1	807.282655243263	2.01021800977625	0.60933517132749	0.00097017840896694	0.001501667450401
L1MCb	sense	L1	143.631457013016	1.9677566132224	0.451489466704435	1.31036753271451e-05	2.25012390065173e-05
L1M4a2	sense	L1	75.6689687952892	1.96127187461229	0.589822899808056	0.00088359015361981	0.0013796407661783
L1M3de	sense	L1	103.1561607886	1.92486919767191	0.527752880273751	0.000265018028958542	0.000424983866257843
L1MC1	antisense	L1	539.634259214504	1.88713590373507	0.257412557104623	2.28147482259106e-13	1.42218990878609e-12
L1PB	antisense	L1	54.8919936699102	1.87837457342769	0.739298199277849	0.011061383743426	0.0205425698092197
L1MA2	sense	L1	848.889898036625	1.85095088820491	0.222798025117889	9.75315477650084e-17	2.670863923411e-16
L1MEf	sense	L1	623.36733476402	1.8337274237189	0.372274292335508	8.4040472652245e-07	1.55825043042704e-06
L1ME3E	antisense	L1	228.313161191785	1.81935505436284	0.31905221867733	1.18150289300955e-08	4.34073888953507e-08
L1MA3	antisense	L1	708.700951291429	1.81560541626953	0.218903041165748	1.09403228533394e-16	1.02717475678575e-15
L1M6	sense	L1	141.949297753845	1.80588756312891	0.467223187134269	0.000111021083268287	0.000182979192794028
L1MA5	sense	L1	434.034514764935	1.79722168615413	0.272332024350935	4.12889261856866e-11	9.42234469365668e-11
L1PA5	antisense	L1	635.05825732567	1.79645980844352	0.202699320772981	7.81115022535663e-19	8.25052742553294e-18
L1PB2	antisense	L1	87.6906559791835	1.76607140760053	0.462217578647954	0.000132983922594592	0.000316539196035015
L1P4d	sense	L1	17.0331623206498	1.76377624735001	1.2110608124441	0.145284977386089	0.177128260100849
L1MA2	antisense	L1	289.893247375465	1.75040349804878	0.305194769435555	9.73023829166578e-09	3.73729607111708e-08
L1PB2	sense	L1	159.89007736633	1.74858184685337	0.561543843738228	0.00184642672708946	0.00276188199514221
L1PBa	antisense	L1	105.100851340822	1.74286547099475	0.423107870125015	3.80191877605211e-05	9.44888636989422e-05
L1PA14	antisense	L1	151.928950463839	1.73629275427098	0.363223127003524	1.75088372588603e-06	5.28391695847748e-06
L1MA4A	antisense	L1	526.527401096557	1.73132359492845	0.404056676799232	1.8285978736225e-05	4.8286412600344e-05
L1M7	sense	L1	442.570821847927	1.69885247521239	0.242959489501977	2.7036160661299e-12	6.59237890097427e-12
L1PA10	sense	L1	1653.18789923051	1.65642164498143	0.153549129238392	3.94080955137386e-27	1.27538927299009e-26
L1P3	sense	L1	193.574801361081	1.63645485421841	0.720258900141648	0.0230842770451089	0.031128797833556
L1M3e	sense	L1	141.246738581126	1.625907810829	0.437005056926894	0.000198773804438335	0.000321652156272943
L1MEa	antisense	L1	1.65968973733152	1.62166783846502	2.46125952349585	0.509974613599032	NA
L1M2	sense	L1	1133.40765334119	1.60689852888066	0.264454713036456	1.23009385848474e-09	2.70316921988005e-09
L1MA7	sense	L1	205.71490042174	1.59385497096244	0.531610769251313	0.00271613648703724	0.00399563879911264
L1M6	antisense	L1	44.6449119995357	1.58446079873949	0.628519229216185	0.0117040996069035	0.0214999221039858
L1P2	antisense	L1	27.4616599523335	1.56958142245393	0.780386544329075	0.0442951358388307	0.0706214901581358
L1PB1	antisense	L1	447.187872219887	1.56683136207129	0.223724210029793	2.49814441696684e-12	1.31933252021061e-11
L1MA1	sense	L1	509.663246966041	1.56269448984968	0.224798412392479	3.61327514844392e-12	8.57550635230689e-12
L1M8	sense	L1	134.433271222579	1.55401744902697	0.398403025354544	9.59480055809999e-05	0.000159614439190822
L1MCa	sense	L1	814.155185283352	1.51032665214086	0.189676772519473	1.68415537704961e-15	4.47432324051986e-15
L1P4	sense	L1	442.963542655102	1.49963487719575	0.251147655975661	2.35618348015142e-09	5.11464218862138e-09
L1MA5A	sense	L1	371.882546110692	1.38379025265404	0.280474244360453	8.06650147531617e-07	1.51140764484871e-06
L1P4b	antisense	L1	4.89611978400207	1.37932024027568	1.67628112790131	0.410595906816048	0.48524970805533
L1PREC2	sense	L1	876.374218350167	1.37808670337962	0.155436026395206	7.58603582147253e-19	2.17792641326147e-18
L1PA6	antisense	L1	278.958952949483	1.35912604096024	0.259383549303752	1.60723455679333e-07	5.43245280196147e-07
L1PA15-16	sense	L1	111.637688961829	1.3530719618685	0.967526912433409	0.161967446764639	0.19349131224232
L1ME3F	antisense	L1	74.6016646403851	1.32993230156927	0.458611628665452	0.00373270200077893	0.00742148986037224
L1PA2	antisense	L1	719.456368952302	1.32463282839698	0.248389690747946	9.66663082449041e-08	3.33400124354873e-07
L1PBb	sense	L1	1.7985386401935	1.32095298009812	3.08288671869441	0.668302239570917	0.712322147566606
L1MA3	sense	L1	756.412271036141	1.32066649119511	0.163073786736015	5.56033185286525e-16	1.49960465122729e-15
L1ME3Cz	sense	L1	189.79721681067	1.32066194259401	0.419094568434301	0.00162586310297333	0.00245257315533266
L1HS	sense	L1	984.38855207221	1.31693395694756	0.304001988326723	1.47766807930952e-05	2.5049992201628e-05
L1PA15	antisense	L1	395.254319650983	1.29720692816931	0.242919110917103	9.29067514032014e-08	3.28772609057846e-07
L1M4c	sense	L1	91.9745364134131	1.28016079219985	0.471805935159584	0.00666126132893175	0.0093362560358256
L1M2a1	antisense	L1	1.30290321965103	1.27251827411995	2.66486088228187	0.632993510680172	NA
L1M6B	antisense	L1	1.27899016635257	1.24644738138259	2.71453841847031	0.646108712593793	NA
L1PA15-16	antisense	L1	114.940603791541	1.2377405226499	0.378891216447544	0.00108792096981551	0.00235716210126694
L1M3de	antisense	L1	4.54308808330613	1.23591835293532	1.70254167812616	0.467884466850008	0.534273479038185
L1MC	sense	L1	816.553840973015	1.23181092251136	0.176387163903348	2.87785711171786e-12	6.92241305251052e-12
L1PA10	antisense	L1	299.053337309002	1.22384728783054	0.239240074763375	3.12809195988619e-07	1.01662988696301e-06
L1MEi	sense	L1	302.588623019185	1.21391825592914	0.278571927531501	1.31467913296505e-05	2.25012390065173e-05
L1HS	antisense	L1	346.938336995482	1.21384100728105	0.26550810836455	4.83630283907987e-06	1.38531386407542e-05
L1P4b	sense	L1	1.65476581671873	1.20094046202248	3.10921999887641	0.699310517519119	0.740936143561924
L1PA4	sense	L1	1269.0457826332	1.19856016197022	0.234426917253663	3.17545835275151e-07	6.07775899773944e-07
L1MC2	antisense	L1	194.607369196775	1.15967709978537	0.365512579947285	0.00151006671058216	0.00315063301343685
L1MDa	sense	L1	375.266855633924	1.1526506547423	0.229617453913605	5.1705421138178e-07	9.79102655595286e-07
L1M4b	sense	L1	261.453789034356	1.13346652981016	0.58744775629798	0.0536717581428419	0.0692287894885932
L1PA7	sense	L1	1789.55890751028	1.11992516537071	0.155395738287204	5.72302217751892e-13	1.41485826055329e-12
L1PBa1	antisense	L1	37.817977119043	1.09788525078352	0.664908147897917	0.0987011456361934	0.143797358728592
L1MEg1	antisense	L1	16.3082481833635	1.09257205878629	1.00373670466681	0.276372390006692	0.3459772882306
AluSq10	antisense	Alu	16.0813048689267	1.06592385710862	1.00736067899498	0.289993779846406	0.360359917603254
L1PA3	antisense	L1	1026.3880635526	1.05618415793578	0.157337229564997	1.90834870845131e-11	8.48712978232291e-11
L1MA9	sense	L1	696.977789121379	1.0497989499752	0.182669352393642	9.0846075131371e-09	1.88030248527721e-08
L1PA16	antisense	L1	728.759711377908	1.04278804630515	0.166336125086712	3.62997281509961e-10	1.4962570871996e-09
L1PA8	sense	L1	358.281871516691	1.0009335006111	0.24889739795895	5.78359943340798e-05	9.71208206742094e-05
L1M3	antisense	L1	218.826770111801	0.980950654209423	0.286533866355717	0.00061818693754004	0.0013746525321614
L1ME2	sense	L1	557.431326296933	0.976658196558614	0.186441917089817	1.61970663199044e-07	3.23941326398088e-07
L1MCa	antisense	L1	281.251974608261	0.974185096169031	0.292786522901093	0.000876956752883523	0.00192474923684825
L1MA8	antisense	L1	293.259966862539	0.943856280739864	0.301819746859651	0.00176468753108721	0.00363697796041144
L1MEb	sense	L1	82.9172821396736	0.932987891900773	0.541693744808598	0.0850055770108839	0.106556286675615
L1M3d	sense	L1	40.9008419711322	0.92622571680464	1.43872526120113	0.519716676533831	0.567543364558417
L1ME3E	sense	L1	65.9641992406067	0.920561206175906	0.639148399204736	0.149784414452191	0.18137160389449
L1M3c	sense	L1	29.087100160656	0.907613789623855	0.903168460308889	0.314934445138925	0.361666653127282
L1MA10	antisense	L1	108.840771770893	0.907296752912408	0.441125449149179	0.0397076651003649	0.064524955788093
L1M6B	sense	L1	1.33505922142086	0.891760469498499	3.45645088582175	0.796407768883183	0.833885781536509
L1MC5a	antisense	L1	404.587874606781	0.89040591379151	0.200647667224692	9.09425668168392e-06	2.43957044318188e-05
L1MB8	antisense	L1	588.350929811656	0.889546984867044	0.342931596327784	0.00948806296539494	0.0182213936494516
L1M1	antisense	L1	634.314372131185	0.862441241597244	0.204878250754677	2.55901918062527e-05	6.55264002311622e-05
L1PA4	antisense	L1	645.616657667838	0.849684230084053	0.188718499042922	6.71936227531634e-06	1.83156810407816e-05
L1M3	sense	L1	406.988640821858	0.832783004619225	0.255897700612538	0.00113648530347697	0.00174391710361121
L1MD	sense	L1	396.79660346931	0.830618496717228	0.61152847806674	0.174379213314224	0.204207236644288
AluYe6	antisense	Alu	0.954087719736689	0.822732679126304	2.95574595069857	0.780743491420376	NA
L1M8	antisense	L1	91.7632801968222	0.815009697212374	0.389182635317782	0.0362459608676838	0.0600545822219466
L1MEf	antisense	L1	353.047431450734	0.798309752387951	0.217563193453863	0.000243193114091729	0.00057082828168753
L1MC3	antisense	L1	666.386331988598	0.793110400456443	0.201667586208285	8.39757519654111e-05	0.000202741458316492
L1PA5	sense	L1	974.689615514729	0.786160176307902	0.285517454940619	0.0058969426964954	0.00833060158711255
L1MC3	sense	L1	1294.94303988011	0.779050681344841	0.445755845096569	0.0805147486536901	0.101642732342956
L1ME3B	sense	L1	693.188050544279	0.749290492009455	0.166571839307433	6.84982445303472e-06	1.20719678479226e-05
L1P3	antisense	L1	166.711990375688	0.726119587567069	0.345843501923467	0.0357674615516245	0.0598485247745004
L1M3c	antisense	L1	25.865476966654	0.72575857296947	0.749843769566782	0.333104446877767	0.410909865126589
L1MA9	antisense	L1	435.467551241234	0.722640876023086	0.197854070141324	0.000259807581853477	0.000593344342341048
L1ME3G	antisense	L1	150.685156763293	0.715957213364392	0.302655014585408	0.018001441681328	0.0323642940866429
L1MEd	sense	L1	1140.60609670051	0.672056859564754	0.320051903201443	0.0357431736258246	0.047479738099976
L1PB1	sense	L1	783.771304734937	0.658150516071165	0.146708623473277	7.25364784909749e-06	1.26583266386211e-05
AluSq4	antisense	Alu	11.8287776068193	0.65496089185229	1.12103599246901	0.559054758700618	0.625697047817247
L1MA6	antisense	L1	252.9343996862	0.651534439900142	0.240339261649071	0.00671019244406937	0.0130347416442267
L1MEi	antisense	L1	108.76053407343	0.64254528741107	0.358251077551153	0.0728832096942542	0.10997555748508
L1MB7	sense	L1	1396.91006123181	0.640587130624412	0.132889017115519	1.43222499795842e-06	2.62820669728453e-06
L1ME2	antisense	L1	221.196803071912	0.605577399687128	0.250642657983053	0.0156878083283679	0.0285079527687547
L1P4a	antisense	L1	12.6766291670286	0.598892587373512	1.2107526217689	0.620850814984315	0.681323296963306
L1M4a2	antisense	L1	18.8850615226956	0.595037669485221	0.826916483670803	0.471779826641736	0.535105977868815
L1ME3C	antisense	L1	49.4845094955036	0.582485639871365	0.616104179852922	0.344437516078364	0.418776548325492
L1MEc	sense	L1	1058.2989637222	0.558993471995554	0.192773015987985	0.00373460895918898	0.00540455605476129
L1MC5	antisense	L1	340.61757455672	0.532416770630724	0.207575583147614	0.0103196722022205	0.0195957820469132
L1MB1	antisense	L1	176.629515841272	0.519741651855069	0.316203720788179	0.100239757176727	0.144790760366383
L1PREC2	antisense	L1	213.000529718215	0.514023001050915	0.251868792802705	0.0412670909184938	0.0664203653830995
L1PA17	antisense	L1	187.846546828311	0.501687116791629	0.268703722779833	0.0618926149395082	0.0959619442640082
L1MB2	sense	L1	259.627410245631	0.496765761486889	0.238946932571879	0.0376192396919678	0.0496016641864464
L1PA2	sense	L1	1271.1567002734	0.475474196146437	0.180795867459801	0.00854111767486988	0.0116947611240526
L1MDb	sense	L1	41.5414932270523	0.473948712908325	0.606423234607151	0.434480405603154	0.483359451233509
L1MEj	antisense	L1	47.4202214364939	0.47215388807564	0.504109448822873	0.348959270300348	0.421243690576848
L1MC1	sense	L1	690.313773692782	0.452780634110255	0.161691139112474	0.00510581300852962	0.00727067772414618
L1PA8	antisense	L1	231.000476089594	0.451990710307574	0.306440425770212	0.14022036736021	0.192660504746955
SVA_B	antisense	SVA	151.906958439591	0.451433000891153	0.292395958785663	0.122610173521299	0.171248920042144
L1MB1	sense	L1	546.54384648157	0.449088056699129	0.168360313122856	0.00764355569234097	0.0106293196346617
L1MB8	sense	L1	881.954291459266	0.429276394643654	0.221351720325459	0.0524598691680542	0.0681595380431653
L1MCc	antisense	L1	276.179215843634	0.427022662822069	0.227771914191569	0.0608227337759636	0.0951763148901652
L1MB2	antisense	L1	387.997010922489	0.415414034313617	0.192576360268535	0.0309948125597087	0.0523812332259077
L1MA5	antisense	L1	65.454639229847	0.39619115881404	0.493126851920973	0.421728288977774	0.494945005814193
L1MD1	sense	L1	259.67800076561	0.391440318394994	0.387781760906453	0.312766262045327	0.361509056130313
L1ME3A	antisense	L1	299.867996100671	0.385928745646179	0.217056650142529	0.0754023251592176	0.112769849131927
L1MC4a	antisense	L1	319.565038583412	0.382259598905429	0.320458623856068	0.232927476940325	0.30049422597645
L1MD1	antisense	L1	374.19138590042	0.350741740018291	0.215191326727094	0.103121261799072	0.14769062071223
L1PB4	antisense	L1	192.186195060142	0.342941571521982	0.297808575633054	0.24950589104939	0.317041320205615
L1MC4	antisense	L1	796.179948193224	0.342592908965402	0.1573102617379	0.0294196889840335	0.0502214892757744
L1M4	sense	L1	961.145676708255	0.30142739101755	0.217998760599019	0.166756161692862	0.197883978542196
AluYa8	antisense	Alu	0.661530727982467	0.295256809040024	3.36579258400889	0.930096983684224	NA
L1ME3F	sense	L1	60.0878941092369	0.288479050462125	0.778889542937462	0.711105168378794	0.748974674387132
L1ME2z	sense	L1	191.181901803896	0.270435725445499	0.293394710341176	0.356660502826613	0.40180740191859
L1MC2	sense	L1	231.917980374193	0.258393892888686	0.262165274958431	0.324322326465899	0.370060090454679
L1M3f	antisense	L1	35.8901167402551	0.234682565249394	0.587539280998185	0.689574197977616	0.747038714475751
L1ME3B	antisense	L1	220.83711832889	0.194758492262064	0.244665492342227	0.42602072662845	0.496534502070401
L1PA13	antisense	L1	433.206501618835	0.14376487878072	0.190576961818077	0.450629171578805	0.518070272087197
L1MA4	antisense	L1	422.471039433552	0.137541924809967	0.199122308442379	0.489728374482799	0.55176063525062
L1ME3Cz	antisense	L1	234.861885370553	0.136977458808732	0.255410654365589	0.591749269478913	0.653631546025727
L1MA10	sense	L1	159.176498273301	0.126889418457682	0.505935210455737	0.801967415575674	0.834796491067076
L1P5	antisense	L1	10.4594790138724	0.112778253275736	1.16631476581366	0.922967625363634	0.934021129859007
L1M5	sense	L1	2216.83303252919	0.112107559945856	0.0817655445514368	0.170348276269456	0.200807901827571
L1ME3A	sense	L1	625.753822746658	0.109312240056468	0.201205326438761	0.586932207165467	0.637036176069837
L1P1	antisense	L1	145.463208611539	0.106802228374625	0.472444665950024	0.821152471032287	0.861955078288549
L1MCc	sense	L1	149.086765396527	0.0934123044583776	0.525748307979329	0.858978259022961	0.883804220266399
L1ME3D	antisense	L1	75.1204724488614	0.0846378169368603	0.583407512335738	0.884651694335211	0.911622782577138
L1M	sense	L1	18.309524511582	0.0769389724851349	0.851831096848689	0.928031446196501	0.937420455590477
L1M2	antisense	L1	951.654290703515	0.0542256189123177	0.188080766495619	0.773109236921801	0.816596631498652
L1MD3	antisense	L1	166.839150373708	0.0520866485701884	0.432731632000053	0.904192357865599	0.926112172601734
L1MD	antisense	L1	180.663748157786	0.0473577615601676	0.285078993228938	0.868061302699375	0.905570124420953
L1MB5	antisense	L1	377.230763480811	0.0300268388061889	0.193806782880096	0.876875062884188	0.909152672560906
AluYd8	antisense	Alu	0.537287876911536	-0.00428153126493752	3.64638130640302	0.999063135031462	NA
L1MEd	antisense	L1	377.84314287251	-0.00669957901762976	0.202063019299738	0.973550274327728	0.979345216436821
L1MEb	antisense	L1	18.4450052648412	-0.0110277996172383	0.805331808911324	0.989074520611646	0.989074520611646
L1MEh	sense	L1	86.5690775973436	-0.0330758583809446	0.388510602870186	0.932154048536598	0.937420455590477
L1ME3G	sense	L1	337.107746627311	-0.039930115609008	0.200288280512224	0.841978632736859	0.87134998039047
L1ME5	sense	L1	193.337123762077	-0.043341994620771	0.262084381944831	0.868649460606575	0.888618413723968
AluYj4	antisense	Alu	36.3780979066679	-0.061070778790014	0.562615242322758	0.91356097947853	0.930071117661877
L1M4a1	sense	L1	81.1901034446325	-0.0634214219118962	0.413621073206507	0.878136322723255	0.893190088255654
L1MDa	antisense	L1	177.286672478859	-0.0895845580354451	0.286684647209226	0.754672210015388	0.802135871022645
L1P4c	sense	L1	0.647024743337298	-0.153708953302342	3.99035449405455	0.969272986081347	0.969272986081347
L1ME3	sense	L1	300.663490519626	-0.165483261373259	0.336533778586583	0.622911264314139	0.667940994264558
L1MEh	antisense	L1	62.3688934768049	-0.194298416905478	0.422875142898704	0.645896733017402	0.704235792773812
L1MEj	sense	L1	210.4392648043	-0.201017174274243	0.260830326697468	0.440895588163558	0.487449780702567
L1ME1	antisense	L1	842.49443822856	-0.232280526856925	0.161651854355783	0.150741175849932	0.20544563482773
L1ME2z	antisense	L1	165.381663818286	-0.238988948420506	0.274362986794101	0.38371676610573	0.456676996280763
L1ME5	antisense	L1	116.743424127678	-0.253672116018737	0.45927923817666	0.58072464511766	0.64567411200582
L1PB3	antisense	L1	140.755917934412	-0.276700618335936	0.36360552399419	0.44666229992307	0.51702690881506
L1MC5a	sense	L1	509.085832018755	-0.322075792608845	0.218590528803835	0.140637653444035	0.172644843538194
AluYk4	antisense	Alu	12.7890354282389	-0.352233926448045	0.911871356247379	0.699292348998575	0.747977259371894
L1ME4c	antisense	L1	116.422113271387	-0.370126978364099	0.325765208324554	0.255882441354607	0.322717407380064
L1M5	antisense	L1	1160.82801051761	-0.38502306646433	0.139085374679447	0.00563582330393475	0.0110750481205229
L1MB7	antisense	L1	538.439675552729	-0.427811308863225	0.188056824331619	0.0229116616020379	0.0403340709452542
L1M7	antisense	L1	77.8695363358778	-0.435159928927081	0.36418754852536	0.232134442752505	0.30049422597645
Alu	antisense	Alu	43.0203080128471	-0.465477898447661	0.491863736205687	0.343967349978653	0.418776548325492
L1MEg2	antisense	L1	11.9468622694097	-0.517322936946549	1.31688678434565	0.694439267400032	0.747517427965639
L1MD3	sense	L1	136.174143761114	-0.524129402413756	0.400238237779068	0.190350296120044	0.221453285682143
L1P1	sense	L1	916.265757742854	-0.595756199945942	0.22418084578019	0.00787271720760068	0.0108631291701777
L1MD2	sense	L1	458.963192641594	-0.603239968216143	0.24784928801758	0.0149371900573299	0.0202963345817154
AluYk12	antisense	Alu	2.10981198546897	-0.604267250372613	1.99438097175854	0.761901395457517	NA
L1PBa1	sense	L1	73.2239324091074	-0.617809963633989	0.659513534191956	0.348878853638271	0.395544178010269
AluYc	antisense	Alu	81.3032759726524	-0.621452127152382	0.353330504236062	0.0786045428609387	0.115514502117379
L1MC4a	sense	L1	213.477358516007	-0.6640957454321	0.357002035556736	0.0628570136601785	0.0804931541835379
L1ME4b	antisense	L1	476.957153805523	-0.697183023640261	0.16753014491784	3.16111717762865e-05	7.97356422416779e-05
L1ME3C	sense	L1	56.6880638906351	-0.789182074298462	0.523231460515273	0.131481644176965	0.16366246617832
Alu	sense	Alu	40.1666448989244	-0.804128216871178	0.542512212927314	0.138278940236233	0.170928134458677
L1MB3	antisense	L1	400.213329415302	-0.835657827058286	0.183987565533942	5.57427250000323e-06	1.57008675416758e-05
AluYb8	antisense	Alu	47.4703687247292	-0.837426316231394	0.458370511230074	0.0677052172736076	0.103082718191348
L1ME4a	antisense	L1	437.695106890927	-0.837835968428383	0.166525300586282	4.87207515757278e-07	1.55354849364113e-06
AluSz6	antisense	Alu	567.762046409788	-0.865916422863978	0.215371199399923	5.80558466704022e-05	0.000142194754888376
L1MB4	antisense	L1	174.052476685121	-0.874285279146125	0.280559512417863	0.00183185296931591	0.00372991749173963
L1M3a	antisense	L1	19.3755990454223	-0.898596117916369	0.719218729151209	0.2115166544526	0.27858635357168
AluYe5	antisense	Alu	23.8588833606552	-0.913249582162028	0.638080216884488	0.152359803224879	0.205990453960036
AluSz	antisense	Alu	2014.95144790343	-0.938072590980134	0.125625314584124	8.19031541109723e-14	5.53665321790173e-13
AluJr4	antisense	Alu	301.45700609088	-0.967138739425788	0.193317408554489	5.64877695735525e-07	1.76785797369081e-06
SVA_E	antisense	SVA	70.7446393659303	-0.980661143126738	0.383995785376616	0.0106544316642457	0.0200066550139725
L1MEg	antisense	L1	390.922957278894	-0.993232040381838	0.191181998933614	2.0448078102804e-07	6.7759317634782e-07
AluSc	antisense	Alu	740.062534183529	-1.00062710551965	0.143898647142783	3.55843971621231e-12	1.76875385894083e-11
AluJo	antisense	Alu	1407.21849274138	-1.10673881354853	0.156348859075141	1.45565761954019e-12	8.20020459007639e-12
SVA_A	antisense	SVA	40.4964477953392	-1.11923827565189	0.576974978773997	0.0523993204658247	0.0827615435394801
SVA_F	antisense	SVA	118.627397116374	-1.12629256297309	0.497172520343436	0.0234883989475676	0.0409230868261744
L1P4e	sense	L1	5.80918662460482	-1.12993787307172	1.39385786991003	0.4175638134841	0.467461376101697
AluJr	antisense	Alu	1633.96917995361	-1.13166625724892	0.145969017293432	8.98994856002948e-15	6.60565785497818e-14
AluYk11	antisense	Alu	11.1717268195464	-1.14540361401245	0.919032161962022	0.212648755093176	0.27858635357168
L1MD2	antisense	L1	419.952636379669	-1.15830343317476	0.170240738545127	1.01813963487394e-11	4.65042157550532e-11
L1P5	sense	L1	17.6827053963403	-1.17423211741599	1.59544519419436	0.461736627546538	0.507340245081999
AluSc8	antisense	Alu	458.830053686547	-1.22904001567498	0.204686388862429	1.91918983571149e-09	7.54286237756378e-09
L1ME3	antisense	L1	406.504282401229	-1.25173449461935	0.179515504561881	3.10586085953289e-12	1.59057722806382e-11
L1ME4a	sense	L1	455.739729721824	-1.26814320207775	0.164252113223968	1.15681998935766e-14	2.98426026240092e-14
L1MB4	sense	L1	338.137133885389	-1.28953080719786	0.193273812820331	2.52270028983954e-11	5.90842962620314e-11
L1MA8	sense	L1	1505.89726315398	-1.32623682122079	0.0979905355649557	9.80646906940816e-42	3.63656561323886e-41
L1ME1	sense	L1	2966.02172463882	-1.33041947496351	0.0944546294461059	4.67830989431193e-45	1.85053146930561e-44
AluSg	antisense	Alu	763.958781442665	-1.3349092277312	0.163778994575763	3.61900871792396e-16	3.05806236664575e-15
AluYg6	antisense	Alu	17.6673015055155	-1.33566204885231	0.897638381140492	0.136757904374566	0.189443326551653
AluSx	antisense	Alu	2185.38293550652	-1.36348070687927	0.196341433174585	3.79972681104134e-12	1.83472523161711e-11
AluSg7	antisense	Alu	135.206829540655	-1.37272450485389	0.431702766716541	0.00147381387118861	0.00311343180288595
AluJb	antisense	Alu	2743.9646240679	-1.38066436882224	0.168238350851665	2.27545459569438e-16	2.02395698248606e-15
AluY	antisense	Alu	2541.51804920178	-1.38251985323637	0.120140950188393	1.20958326805584e-30	2.92027960430623e-29
L1MA5A	antisense	L1	156.049373173377	-1.38728567490651	0.325339954351344	2.0069966927098e-05	5.21819140104548e-05
SVA_C	antisense	SVA	106.902823040884	-1.42094951179462	0.437443818249098	0.00116096087659887	0.00248357453348367
AluSc5	antisense	Alu	187.775780232376	-1.45633947472593	0.230036920615151	2.43743974568949e-10	1.02981829255381e-09
L1ME4c	sense	L1	200.576274091045	-1.47728513529884	0.383600792526565	0.000117588313943221	0.000192024953044892
AluSx3	antisense	Alu	735.133184014124	-1.49035654815219	0.167734521482501	6.37997966395601e-19	7.18811042139044e-18
AluSx4	antisense	Alu	143.556291072745	-1.49277143358854	0.261764392248401	1.17904240528439e-08	4.34073888953507e-08
AluYm1	antisense	Alu	205.902933650224	-1.51907633484819	0.222650474345661	8.93480652219511e-12	4.19439528403048e-11
AluSp	antisense	Alu	1193.53215896956	-1.56622111696583	0.175915738536022	5.42367358415936e-19	6.54714882659236e-18
L1MC4	sense	L1	3850.40687934139	-1.59340379858162	0.118270778013032	2.27026896343467e-41	8.24709949982389e-41
L1MB3	sense	L1	795.329701037925	-1.61034939437706	0.187222984433013	7.8860952805903e-18	2.19332024991418e-17
L1ME4b	sense	L1	826.918397900994	-1.61524689529237	0.128347467861707	2.55493683278948e-36	8.9172305144417e-36
L1M4c	antisense	L1	172.68809140968	-1.62683326631559	0.328773345233839	7.49064358158352e-07	2.30167048234112e-06
L1MC	antisense	L1	497.487125391566	-1.6548205710511	0.212360130619632	6.56857548886448e-15	5.04586026190044e-14
AluSg4	antisense	Alu	260.722147981485	-1.6599313816774	0.223142079369746	1.01527940917224e-13	6.59931615961958e-13
L1MB5	sense	L1	493.120920986201	-1.72142921561225	0.295183964565362	5.48600498491373e-09	1.16251058013648e-08
AluSq	antisense	Alu	364.047927527576	-1.73928946684675	0.182192990869927	1.34265131373282e-21	2.06280065473497e-20
L1M2a	antisense	L1	428.582334259899	-1.78256756542159	0.179600223346652	3.23463942044708e-23	5.46654062055557e-22
AluJr4	sense	Alu	692.314833448577	-1.78968279131272	0.166645108848377	6.64131957813879e-27	2.1109908659084e-26
AluSq2	antisense	Alu	1426.15592404467	-1.80141882671103	0.156356886199668	1.03165142153998e-30	2.90581817067095e-29
L1M2b	antisense	L1	4.52237201068444	-1.893761154528	1.62430312206696	0.243658328239587	0.311956496003714
AluYb9	antisense	Alu	6.01096974079876	-1.92536659711862	1.22846893183232	0.117047012082497	0.16484120868285
SVA_A	sense	SVA	27.2191705459789	-1.94780416703218	0.631813209878262	0.00205007958853338	0.00304095138965785
AluYi6	antisense	Alu	17.2993047197379	-1.96808594619873	0.887349783799549	0.0265591260638986	0.0458009418857026
L1MCb	antisense	L1	146.960267826774	-2.02288891919121	0.254345790474698	1.81604720240868e-15	1.46148560574793e-14
L1M4	antisense	L1	2536.57990793162	-2.07619225374057	0.283367731894486	2.35629097313672e-13	1.42218990878609e-12
L1P3b	sense	L1	1.88392354205529	-2.26479139157432	4.44764377921161	0.610603978185251	0.658712170405907
L1P3b	antisense	L1	2.89702389877007	-2.27590665934163	1.73333685408303	0.1891760722604	0.251738237889823
AluJr	sense	Alu	4423.71211113444	-2.30738376158025	0.0943307097048509	3.88357127799344e-132	2.03316378671421e-131
AluYh3	antisense	Alu	64.3634956769794	-2.35790263585474	0.380892923649356	5.9988662288627e-10	2.41382950637571e-09
L1M3b	antisense	L1	40.5301167286344	-2.4146017286566	0.53308966771573	5.91380915889759e-06	1.63841598008802e-05
AluYa5	antisense	Alu	111.505362472377	-2.54008944111334	0.292359433835048	3.68091825400298e-18	3.65926579368531e-17
L1PA12	sense	L1	485.233303095405	-2.57381708003271	0.165729514885603	2.16609776221756e-54	9.18012861130297e-54
L1PA12	antisense	L1	222.256657907507	-2.5898769084221	0.288488362456193	2.7722750575037e-19	3.60395757475481e-18
AluSx1	antisense	Alu	4129.01068847158	-2.6267851854835	0.214024934299102	1.26062005187655e-34	5.32611971917844e-33
AluJo	sense	Alu	3881.67725376251	-2.75908756587389	0.0947832896696923	2.72734984593063e-186	1.73381525919875e-185
L1MC5	sense	L1	1294.4776324563	-2.76118279174838	0.1660990437179	4.69338891864658e-62	2.08855806879773e-61
L1MDb	antisense	L1	67.8921344361678	-2.78223397502713	0.381880695070071	3.20217052203452e-13	1.86609247663391e-12
L1MEc	antisense	L1	1892.89702793142	-2.78987294351442	0.271234210638077	8.16232718414994e-25	1.72429161765167e-23
AluYk2	antisense	Alu	41.1452739868669	-2.80795046838602	0.60332122189632	3.25312060416259e-06	9.47892038109444e-06
SVA_D	antisense	SVA	944.545514886413	-2.91235664929292	0.204046880223099	3.22506538564517e-46	2.72518025087017e-44
AluYf1	antisense	Alu	84.6167114748617	-3.03217191969465	0.32772160492587	2.19754980928655e-20	3.09488264807856e-19
AluJb	sense	Alu	8210.13446480027	-3.13122554322675	0.12564202441946	4.31861432439146e-137	2.32943439315661e-136
L1M2a	sense	L1	38.4450705159843	-3.26038002392642	0.633201753473061	2.61825543949403e-07	5.1214227278015e-07
AluYk3	antisense	Alu	60.0575180897515	-3.27835769780714	0.468029330759172	2.47694545821394e-12	1.31933252021061e-11
SVA_B	sense	SVA	199.874444746937	-3.34009845273536	0.300737444690064	1.16824609169184e-28	3.85088526520642e-28
SVA_E	sense	SVA	109.564602392486	-3.47798363787435	0.394438055339896	1.16974509556868e-18	3.30499407954326e-18
AluYc3	antisense	Alu	18.0711044667595	-3.63878878365729	0.768058121290461	2.16213275529581e-06	6.41053395868406e-06
AluYk11	sense	Alu	55.0938414536655	-4.08036948081825	0.522119008507452	5.49551498198324e-15	1.43853186293091e-14
AluSz6	sense	Alu	5584.78657202651	-4.18850157640003	0.0904420489057405	0	0
AluYk4	sense	Alu	614.104765083521	-4.21011708103281	0.348602247957929	1.39492703333467e-33	4.77494253718407e-33
SVA_F	sense	SVA	395.122809462019	-4.28546370326987	0.171195112078409	2.69912601264786e-138	1.50138884453537e-137
AluYf1	sense	Alu	473.197259690888	-4.31290752559051	0.256713348939931	2.42076402892525e-63	1.1048615311505e-62
L1PA17	sense	L1	6614.53622620667	-4.47689370383083	0.163793984058681	1.74520445844082e-164	1.03548797867489e-163
AluYc	sense	Alu	949.058419714928	-4.53349203368347	0.131609192132871	5.05922271084824e-260	3.75225684387911e-259
AluYh7	sense	Alu	58.0786148680603	-4.54004167373067	0.72104087466234	3.04420027635588e-10	6.77334561489184e-10
AluSc5	sense	Alu	1858.59148480378	-4.5607902772054	0.111865399973857	0	0
AluSc8	sense	Alu	3557.47900468698	-4.62700678954096	0.0719322257051307	0	0
L1P2	sense	L1	2020.52394481138	-4.64855727577507	0.135371212690882	2.03215720245085e-258	1.39124608475481e-257
AluSz	sense	Alu	20699.8673940154	-4.72268377188437	0.135404667433293	1.5864032450969e-266	1.22773816359673e-265
AluSx	sense	Alu	25451.483512685	-4.81878060445757	0.121143811219817	0	0
AluSc	sense	Alu	8166.43425638288	-4.91337350619495	0.143058759520941	1.66436472112445e-258	1.18502768144061e-257
AluSx3	sense	Alu	8108.25119688149	-4.93875665300923	0.13585506939185	2.34509788803437e-289	1.98774963842914e-288
AluYj4	sense	Alu	995.515097018637	-5.02203433304872	0.256114270707517	1.30656674548227e-85	6.1202337025222e-85
AluSq2	sense	Alu	20340.0256241331	-5.18948902087882	0.110220798403526	0	0
AluSx1	sense	Alu	36783.068805695	-5.34609190458807	0.0987720566879244	0	0
AluSp	sense	Alu	25332.3408363665	-5.38633624465741	0.0780590236520706	0	0
SVA_C	sense	SVA	320.424348272374	-5.42947946164378	0.42577778119479	3.04204031569296e-37	1.08296635238669e-36
AluSq4	sense	Alu	559.549335072514	-5.4774077472987	0.231037468999254	2.99062088033454e-124	1.52094433342728e-123
AluSg	sense	Alu	22954.653095502	-5.64900411414593	0.0731558498175094	0	0
AluSq	sense	Alu	5977.22387187834	-5.65690273559746	0.134239941951393	0	0
AluY	sense	Alu	55450.9073480859	-5.69120796618706	0.0867474853163816	0	0
AluYk2	sense	Alu	349.685975692706	-5.7464032822821	0.282145357916999	3.29394787954928e-92	1.5846560069183e-91
AluYa5	sense	Alu	32975.7356004931	-5.76807795210659	0.0605732313478425	0	0
AluYb8	sense	Alu	1774.33770589122	-5.78361056247572	0.172157902123627	1.99795577689005e-247	1.3171708455053e-246
AluSg7	sense	Alu	3372.52422190494	-5.7843826755315	0.0711089133640576	0	0
AluYe6	sense	Alu	20.9738338859023	-5.83024661483594	1.26494821393416	4.04456077032561e-06	7.19931817117959e-06
AluYh3a3	antisense	Alu	89.6858532606853	-5.87636031321173	0.495069902630444	1.69957004201181e-32	5.74454674199991e-31
AluYm1	sense	Alu	3187.47892606482	-5.94544568984696	0.165818940521036	1.53450545858473e-281	1.24155441649128e-280
AluSg4	sense	Alu	3521.46762076728	-5.96971376754412	0.130313941560951	0	0
AluYg6	sense	Alu	325.478737642873	-6.05156716621498	0.437649250647637	1.74115918685539e-43	6.59417734596298e-43
AluSq10	sense	Alu	732.948841910308	-6.05596912793627	0.228746343768457	1.90093661892775e-154	1.09150554248109e-153
AluYk12	sense	Alu	65.0610163181197	-6.07158009651761	0.511031478306553	1.48526632155744e-32	4.98825292900423e-32
AluYk3	sense	Alu	1740.44560158771	-6.42515409397903	0.13867787999364	0	0
AluSx4	sense	Alu	13947.7336133243	-6.46999848577964	0.110747761901988	0	0
AluYe5	sense	Alu	830.924074426048	-6.4957104537096	0.170006599278483	2.02863354182416e-319	1.8054838522235e-318
AluYi6	sense	Alu	1567.35574471959	-6.57786798588949	0.120034577330105	0	0
AluYb9	sense	Alu	236.609214545149	-6.6012512592284	0.645883381408015	1.60510392464038e-24	5.01242979975416e-24
SVA_D	sense	SVA	4107.26504347912	-6.60214078656261	0.112749589005558	0	0
AluYi6_4d	sense	Alu	113.1995845371	-6.85004728773981	0.672414938354742	2.26109461594959e-24	6.93922140756942e-24
L1M4b	antisense	L1	8151.04957594582	-7.08090670077107	0.135447294983319	0	0
AluYc3	sense	Alu	552.79925202374	-7.39080248042313	0.265334121005081	9.44799304782796e-171	5.79911297418406e-170
AluYa8	sense	Alu	466.689548533742	-7.56747636904016	0.463971288876107	8.34839163031605e-60	3.6244236834055e-59
AluYh3a3	sense	Alu	3513.9993272616	-7.69523970457195	0.095240834003698	0	0
AluYh3	sense	Alu	3015.48797645569	-7.71985866857294	0.167970631846987	0	0
AluYd8	sense	Alu	289.248587988241	-8.07243482597904	0.361556950669794	2.02634330030667e-110	1.00191418737385e-109
